Name,rarity,collector_number,image_url,Unique ID,Pitch,Cost,Power,Defense,Health,Intelligence,Arcane,Types,Card Keywords,Abilities and Effects,Ability and Effect Keywords,Granted Keywords,Removed Keywords,Interacts with Keywords,Functional Text,Type Text,Card Played Horizontally,Blitz Legal,CC Legal,Commoner Legal,LL Legal,total_count,Gravy Bones_total_count,"Scurv, Stowaway_total_count",Puffin_total_count,Marlynn_total_count,average_count_per_normalized_deck,Gravy Bones_average_count_per_normalized_deck,"Scurv, Stowaway_average_count_per_normalized_deck",Puffin_average_count_per_normalized_deck,Marlynn_average_count_per_normalized_deck,draft_average_occurrence1,draft_average_occurrence2,draft_average_occurrence3,pick_rate,average_count_per_deck,Gravy Bones_pick_rate,Gravy Bones_average_count_per_deck,"Scurv, Stowaway_pick_rate","Scurv, Stowaway_average_count_per_deck",Puffin_pick_rate,Puffin_average_count_per_deck,Marlynn_pick_rate,Marlynn_average_count_per_deck,weighted_pick_rate
Golden Skywarden (yellow),mythic,SEA004,https://prod-content.fabrary.io/cards/SEA004.webp,cTchBtPqMqnNgDGGW89Gp,2,4,7,2,,,,"Pirate, Mechanologist, Action, Attack",Galvanize,,,,,,"**Galvanize** - When this defends, you may destroy an item you control. If you do, this gets +1{d}. If a Golden Cog is destroyed this way, create a Gold token and repeat this process.",Pirate Mechanologist Action - Attack,,,,No,,6,0,0,6,0,0.011692118915595214,0.0,0.0,0.04245580884925147,0.0,0.16806472727272725,0.1711010909090909,0.18980700478468898,0.07531115976764555,0.013544018058690745,0.0,0.0,0.0,0.0,0.2736249238674653,0.04918032786885246,0.0,0.0,0.06840623096686632
Jolly Bludger (yellow),mythic,SEA005,https://prod-content.fabrary.io/cards/SEA005.webp,6cNLLnWnpJdfmdpQHMFMb,2,2,5,3,,,,"Pirate, Mechanologist, Action, Attack","Overpower, Steal",Thrice per Turn Instant,,,,,"""When this attacks, you may {t} a cog you control. If you do, this gets **overpower**.",,,,,,,13,0,0,13,0,0.024461113715004645,0.0,0.0,0.08882191291595949,0.0,0.16806472727272725,0.1711010909090909,0.18980700478468898,0.16317417949656535,0.029345372460496615,0.0,0.0,0.0,0.0,0.5928540017128415,0.10655737704918032,0.0,0.0,0.14821350042821038
Rust Belt,common,SEA009,https://prod-content.fabrary.io/cards/SEA009.webp,LKtdCkW87n6dJCtKqqkMw,,,,1,,,,"Mechanologist, Equipment, Chest",Battleworn,,,,,,"""**Instant** - {t} a cog you control, destroy this: Gain {r}.",,,,,,,77,0,0,77,0,,,,,,1.6660106666666663,1.6660106666666663,1.7493112000000002,0.10167900446632185,0.17381489841986456,0.0,0.0,0.0,0.0,0.3694499718638417,0.6311475409836066,0.0,0.0,0.09236249296596043
Unicycle,common,SEA010,https://prod-content.fabrary.io/cards/SEA010.webp,Hp8cr9fLGCnpNCfrgKFJN,,,,1,,,,"Mechanologist, Equipment, Legs",Battleworn,,,,,,"""**Instant** - Destroy this: {u} a cog you control.",,,,,,,87,0,0,87,0,,,,,,1.6660106666666663,1.6660106666666663,1.7493112000000002,0.11488406998142858,0.1963882618510158,0.0,0.0,0.0,0.0,0.41743048769031466,0.7131147540983607,0.0,0.0,0.10435762192257866
Cogwerx Dovetail (red),mythic,SEA011,https://prod-content.fabrary.io/cards/SEA011.webp,dnhGwzTLMbDMGLfrBgnzz,1,1,5,3,,,,"Mechanologist, Action, Attack",Go again,Thrice per Turn Instant,,,,,"""When this hits a hero, {u} all cogs you control.",,,,,,,14,0,0,14,0,0.026854505208449255,0.0,0.0,0.09751267055199198,0.0,0.16806472727272725,0.1711010909090909,0.18980700478468898,0.1757260394578396,0.03160270880361174,0.0,0.0,0.0,0.0,0.6384581556907524,0.11475409836065574,0.0,0.0,0.1596145389226881
Palantir Aeronought (red),mythic,SEA012,https://prod-content.fabrary.io/cards/SEA012.webp,c9TrL6MwcrMKtmTbCHL76,1,2,6,3,,,,"Mechanologist, Action, Attack",,Thrice per Turn Instant,,,,,"""The defending hero must defend this with an equipment they control if able.",,,,,,,7,0,0,7,0,0.013082907120883485,0.0,0.0,0.04750596602091298,0.0,0.16806472727272725,0.1711010909090909,0.18980700478468898,0.0878630197289198,0.01580135440180587,0.0,0.0,0.0,0.0,0.3192290778453762,0.05737704918032787,0.0,0.0,0.07980726946134405
Cog in the Machine (red),mythic,SEA013,https://prod-content.fabrary.io/cards/SEA013.webp,jqrFDnJPwhw6bcQCcrLQT,1,1,,3,,,,"Mechanologist, Action",,,,,,,"""Create 2 Golden Cog tokens.",,,,,,,10,0,0,10,0,0.01996788160949976,0.0,0.0,0.07250632420498683,0.0,0.16806472727272725,0.1711010909090909,0.18980700478468898,0.1255185996127426,0.022573363431151242,0.0,0.0,0.0,0.0,0.45604153977910883,0.08196721311475409,0.0,0.0,0.11401038494477721
Cogwerx Workshop (blue),mythic,SEA014,https://prod-content.fabrary.io/cards/SEA014.webp,NtGRcJrNgDN6LcQtcN7Qb,3,1,,3,,,,"Mechanologist, Action",,,,,,,"""Create a Golden Cog token.",,,,,,,4,0,0,4,0,0.008255985823705915,0.0,0.0,0.029978702622145248,0.0,0.16806472727272725,0.1711010909090909,0.18980700478468898,0.05020743984509703,0.009029345372460496,0.0,0.0,0.0,0.0,0.18241661591164354,0.03278688524590164,0.0,0.0,0.045604153977910886
Cloud City Steamboat (red),rare,SEA015,https://prod-content.fabrary.io/cards/SEA015.webp,rPqkgWJCRBcDzDGPgMzBj,1,2,6,3,,,,"Mechanologist, Action, Attack",,Twice per Turn Instant,,,,,"""When this hits a hero, you may {t} a cog you control. If you do, put a steam counter on a cog you control.",,,,,,,39,0,0,39,0,0.07574771262513728,0.0,0.0,0.2750511204339002,0.0,0.7582363511904764,0.762198275,0.7975172199921293,0.11296942683616597,0.08803611738148984,0.0,0.0,0.0,0.0,0.4103565715509853,0.319672131147541,0.0,0.0,0.10258914288774633
Cloud City Steamboat (yellow),rare,SEA016,https://prod-content.fabrary.io/cards/SEA016.webp,kTKcmGwRgtjQcGFRRG6fT,2,2,5,3,,,,"Mechanologist, Action, Attack",,Twice per Turn Instant,,,,,"""When this hits a hero, you may {t} a cog you control. If you do, put a steam counter on a cog you control.",,,,,,,35,0,0,35,0,0.06708896509657344,0.0,0.0,0.24360993063755768,0.0,0.7582363511904764,0.762198275,0.7975172199921293,0.10138281895553355,0.07900677200902935,0.0,0.0,0.0,0.0,0.3682687180585766,0.28688524590163933,0.0,0.0,0.09206717951464415
Cloud City Steamboat (blue),rare,SEA017,https://prod-content.fabrary.io/cards/SEA017.webp,pPgMnD6hBcnm8gcdHL79J,3,2,4,3,,,,"Mechanologist, Action, Attack",,Twice per Turn Instant,,,,,"""When this hits a hero, you may {t} a cog you control. If you do, put a steam counter on a cog you control.",,,,,,,39,0,0,39,0,0.07634477316483824,0.0,0.0,0.27721913534445364,0.0,0.7582363511904764,0.762198275,0.7975172199921293,0.11296942683616597,0.08803611738148984,0.0,0.0,0.0,0.0,0.4103565715509853,0.319672131147541,0.0,0.0,0.10258914288774633
Cogwerx Zeppelin (red),rare,SEA018,https://prod-content.fabrary.io/cards/SEA018.webp,WMNLQNgmCHD7FwnFFq6dG,1,2,6,3,,,,"Mechanologist, Action, Attack",,Twice per Turn Instant,,,,,"""When this hits a hero, you may {t} a cog you control. If you do, create a Golden Cog token.",,,,,,,51,0,0,51,0,0.0994665018123715,0.0,0.0,0.36117754346623426,0.0,0.7582363511904764,0.762198275,0.7975172199921293,0.14772925047806318,0.11512415349887133,0.0,0.0,0.0,0.0,0.5366201320282116,0.4180327868852459,0.0,0.0,0.1341550330070529
Cogwerx Zeppelin (yellow),rare,SEA019,https://prod-content.fabrary.io/cards/SEA019.webp,fJzjdQTnDbfNwGCDWCBNK,2,2,5,3,,,,"Mechanologist, Action, Attack",,Twice per Turn Instant,,,,,"""When this hits a hero, you may {t} a cog you control. If you do, create a Golden Cog token.",,,,,,,43,0,0,43,0,0.08291108949858954,0.0,0.0,0.3010623987530751,0.0,0.7582363511904764,0.762198275,0.7975172199921293,0.12455603471679838,0.09706546275395034,0.0,0.0,0.0,0.0,0.4524444250433941,0.3524590163934426,0.0,0.0,0.11311110626084853
Cogwerx Zeppelin (blue),rare,SEA020,https://prod-content.fabrary.io/cards/SEA020.webp,kNggzqkBtLWRqfhFCMbfQ,3,2,4,3,,,,"Mechanologist, Action, Attack",,Twice per Turn Instant,,,,,"""When this hits a hero, you may {t} a cog you control. If you do, create a Golden Cog token.",,,,,,,48,0,0,48,0,0.09177233276351661,0.0,0.0,0.33323888044457256,0.0,0.7582363511904764,0.762198275,0.7975172199921293,0.13903929456758887,0.10835214446952596,0.0,0.0,0.0,0.0,0.505054241908905,0.39344262295081966,0.0,0.0,0.12626356047722626
Copper Cog (blue),rare,SEA021,https://prod-content.fabrary.io/cards/SEA021.webp,kzBc7Bmrk7TfHNwhQK6Lj,3,0,,,,,,"Mechanologist, Action, Cog, Item","Unlimited, Crank",,,,,,"""**Unlimited**",,,,,,,43,0,0,43,0,0.08191807806164957,0.0,0.0,0.29745662771566195,0.0,0.7582363511904764,0.762198275,0.7975172199921293,0.12455603471679838,0.09706546275395034,0.0,0.0,0.0,0.0,0.4524444250433941,0.3524590163934426,0.0,0.0,0.11311110626084853
Lubricate (blue),rare,SEA022,https://prod-content.fabrary.io/cards/SEA022.webp,pKtKBmHB8P6Nwr8TP7p6D,3,0,,,,,,"Mechanologist, Instant",,,,,,,{u} up to 3 cogs you control.,Mechanologist Instant,,,,No,,24,0,0,24,0,0.045902209957959676,0.0,0.0,0.1666776968145585,0.0,0.7582363511904764,0.762198275,0.7975172199921293,0.06951964728379444,0.05417607223476298,0.0,0.0,0.0,0.0,0.2525271209544525,0.19672131147540983,0.0,0.0,0.06313178023861313
Pinion Sentry (blue),rare,SEA023,https://prod-content.fabrary.io/cards/SEA023.webp,gQdQfNwNMgDLJfkcNWmhH,3,,,3,,,,"Mechanologist, Block",,,,,,,"When this defends, you may {t} a cog you control. If you do, create a Golden Cog token.",Mechanologist Block,,,,No,,33,0,0,33,0,0.06222074954821709,0.0,0.0,0.22593272172016532,0.0,0.7582363511904764,0.762198275,0.7975172199921293,0.09558951501521736,0.0744920993227991,0.0,0.0,0.0,0.0,0.3472247913123722,0.27049180327868855,0.0,0.0,0.08680619782809305
Cloud Skiff (red),common,SEA024,https://prod-content.fabrary.io/cards/SEA024.webp,mbNRPd7D9TN76C8wbBRrL,1,1,5,3,,,,"Mechanologist, Action, Attack",Go again,Once per Turn Instant,,,,,**Once per Turn Instant** - {t} a cog you control: This gets +1{p} or go again.,Mechanologist Action - Attack,,,,,,167,0,0,167,0,0.32056997139811866,0.0,0.0,1.1640368633554636,0.0,2.4207852014652014,2.4347523450980395,3.139579792252512,0.13474878275426358,0.37697516930022573,0.0,0.0,0.0,0.0,0.49081523375438124,1.3688524590163935,0.0,0.0,0.12270380843859531
Cloud Skiff (yellow),common,SEA025,https://prod-content.fabrary.io/cards/SEA025.webp,kkfTJq9f9rMqbkPkbJm8R,2,1,4,3,,,,"Mechanologist, Action, Attack",Go again,Once per Turn Instant,,,,,**Once per Turn Instant** - {t} a cog you control: This gets +1{p} or go again.,Mechanologist Action - Attack,,,,,,95,0,0,95,0,0.18170077470014911,0.0,0.0,0.6597823212472628,0.0,2.4207852014652014,2.4347523450980395,2.1636648654232435,0.093696961619044,0.2144469525959368,0.0,0.0,0.0,0.0,0.3395967942457369,0.7786885245901639,0.0,0.0,0.08489919856143423
Cloud Skiff (blue),common,SEA026,https://prod-content.fabrary.io/cards/SEA026.webp,nNnqFQD7WfGFGRnrMw8nh,3,1,3,3,,,,"Mechanologist, Action, Attack",Go again,Once per Turn Instant,,,,,**Once per Turn Instant** - {t} a cog you control: This gets +1{p} or go again.,Mechanologist Action - Attack,,,,,,115,0,0,115,0,0.22082867452203175,0.0,0.0,0.8018614984693448,0.0,2.4207852014652014,2.4347523450980395,2.1636648654232435,0.11342263774936906,0.2595936794582393,0.0,0.0,0.0,0.0,0.41109085619220787,0.9426229508196722,0.0,0.0,0.10277271404805197
Sky Skimmer (red),common,SEA027,https://prod-content.fabrary.io/cards/SEA027.webp,MjtP6GFTmC7j96tmLrJ97,1,0,4,3,,,,"Mechanologist, Action, Attack",,Once per Turn Instant,Go again,,,,**Once per Turn Instant** - {t} a cog you control: This gets +1{p} or **go again**.,Mechanologist Action - Attack,,,,,,161,0,0,161,0,0.3111891781551188,0.0,0.0,1.129973819038669,0.0,2.4207852014652014,2.4347523450980395,3.139579792252512,0.12990750912237387,0.36343115124153497,0.0,0.0,0.0,0.0,0.4731811534997328,1.319672131147541,0.0,0.0,0.1182952883749332
Sky Skimmer (yellow),common,SEA028,https://prod-content.fabrary.io/cards/SEA028.webp,fWMNJw87bKTw7PFwcDgGc,2,0,3,3,,,,"Mechanologist, Action, Attack",,Once per Turn Instant,Go again,,,,**Once per Turn Instant** - {t} a cog you control: This gets +1{p} or **go again**.,Mechanologist Action - Attack,,,,,,108,0,0,108,0,0.20520792603909158,0.0,0.0,0.7451402560271932,0.0,2.4207852014652014,2.4347523450980395,2.1636648654232435,0.1065186511037553,0.24379232505643342,0.0,0.0,0.0,0.0,0.38606793451094307,0.8852459016393442,0.0,0.0,0.09651698362773577
Sky Skimmer (blue),common,SEA029,https://prod-content.fabrary.io/cards/SEA029.webp,h6kzb7mjjwrhQDDTnnJqF,3,0,2,3,,,,"Mechanologist, Action, Attack",,Once per Turn Instant,Go again,,,,**Once per Turn Instant** - {t} a cog you control: This gets +1{p} or **go again**.,Mechanologist Action - Attack,,,,,,123,0,0,123,0,0.23717003278551085,0.0,0.0,0.8611993813441091,0.0,2.4207852014652014,2.4347523450980395,2.1636648654232435,0.12131290820149909,0.27765237020316025,0.0,0.0,0.0,0.0,0.4396884809707962,1.0081967213114753,0.0,0.0,0.10992212024269905
Teeth of the Cog (red),common,SEA030,https://prod-content.fabrary.io/cards/SEA030.webp,9fgDH76FTCT7NWzJmBRGk,1,0,4,2,,,,"Mechanologist, Action, Attack",Galvanize,,,,,,"**Galvanize** - When this defends, you may destroy an item you control. If you do, create a Golden Cog token.",Mechanologist Action - Attack,,,,,,112,0,0,112,0,0.21855511040583822,0.0,0.0,0.7936058517195601,0.0,2.4207852014652014,2.4347523450980395,2.1636648654232435,0.1104637863298203,0.2528216704288939,0.0,0.0,0.0,0.0,0.4003667469002372,0.9180327868852459,0.0,0.0,0.1000916867250593
Teeth of the Cog (yellow),common,SEA031,https://prod-content.fabrary.io/cards/SEA031.webp,d7MbqP6qdjzHWbbJTzCfF,2,0,3,2,,,,"Mechanologist, Action, Attack",Galvanize,,,,,,"**Galvanize** - When this defends, you may destroy an item you control. If you do, create a Golden Cog token.",Mechanologist Action - Attack,,,,,,66,0,0,66,0,0.12741627900470073,0.0,0.0,0.4626673081892002,0.0,2.4207852014652014,2.4347523450980395,2.1636648654232435,0.06509473123007269,0.1489841986455982,0.0,0.0,0.0,0.0,0.23593040442335408,0.5409836065573771,0.0,0.0,0.05898260110583852
Teeth of the Cog (blue),common,SEA032,https://prod-content.fabrary.io/cards/SEA032.webp,Mphbggf6mpBbRJJb6dfgL,3,0,2,2,,,,"Mechanologist, Action, Attack",Galvanize,,,,,,"**Galvanize** - When this defends, you may destroy an item you control. If you do, create a Golden Cog token.",Mechanologist Action - Attack,,,,,,111,0,0,111,0,0.21399554808034463,0.0,0.0,0.7770494081933825,0.0,2.4207852014652014,2.4347523450980395,2.1636648654232435,0.10947750252330406,0.2505643340857788,0.0,0.0,0.0,0.0,0.39679204380291366,0.9098360655737705,0.0,0.0,0.09919801095072842
Tough Old Wrench (red),common,SEA033,https://prod-content.fabrary.io/cards/SEA033.webp,KwphDpWLnJrjGGMGnJc9n,1,2,6,2,,,,"Mechanologist, Action, Attack",Galvanize,,,,,,"**Galvanize** - When this defends, you may destroy an item you control. If you do, create a Golden Cog token.",Mechanologist Action - Attack,,,,,,97,0,0,97,0,0.18631831203159185,0.0,0.0,0.6765492805737311,0.0,2.4207852014652014,2.4347523450980395,2.1636648654232435,0.09566952923207651,0.21896162528216703,0.0,0.0,0.0,0.0,0.346746200440384,0.7950819672131147,0.0,0.0,0.086686550110096
Tough Old Wrench (yellow),common,SEA034,https://prod-content.fabrary.io/cards/SEA034.webp,9dPrwcgFKcd8zk8PpwfRJ,2,2,5,2,,,,"Mechanologist, Action, Attack",Galvanize,,,,,,"**Galvanize** - When this defends, you may destroy an item you control. If you do, create a Golden Cog token.",Mechanologist Action - Attack,,,,,,70,0,0,70,0,0.1345505104813869,0.0,0.0,0.488572755272577,0.0,2.4207852014652014,2.4347523450980395,2.1636648654232435,0.06903986645613769,0.1580135440180587,0.0,0.0,0.0,0.0,0.25022921681264826,0.5737704918032787,0.0,0.0,0.06255730420316206
Tough Old Wrench (blue),common,SEA035,https://prod-content.fabrary.io/cards/SEA035.webp,zLMWLzKGcdNnndTcD89gT,3,2,4,2,,,,"Mechanologist, Action, Attack",Galvanize,,,,,,"**Galvanize** - When this defends, you may destroy an item you control. If you do, create a Golden Cog token.",Mechanologist Action - Attack,,,,,,88,0,0,88,0,0.16996231536395348,0.0,0.0,0.6171582434937,0.0,2.4207852014652014,2.4347523450980395,2.1636648654232435,0.08679297497343023,0.1986455981941309,0.0,0.0,0.0,0.0,0.3145738725644721,0.7213114754098361,0.0,0.0,0.07864346814111803
Goldwing Turbine (red),common,SEA036,https://prod-content.fabrary.io/cards/SEA036.webp,8nwFDqnJ8nCHfBMLrwBnr,1,2,,3,,,,"Mechanologist, Action",,,,,,,"""Your next Mechanologist attack this turn gets +3{p}.",,,,,,,138,0,0,138,0,0.2620897887044176,0.0,0.0,0.9516866917709591,0.0,2.4207852014652014,2.4347523450980395,3.139579792252512,0.11134929353346333,0.3115124153498871,0.0,0.0,0.0,0.0,0.4055838458569138,1.1311475409836065,0.0,0.0,0.10139596146422845
Goldwing Turbine (yellow),common,SEA037,https://prod-content.fabrary.io/cards/SEA037.webp,CwgjPFFG8MpkRF8ztzgFg,2,2,,3,,,,"Mechanologist, Action",,,,,,,"""Your next Mechanologist attack this turn gets +2{p}.",,,,,,,133,0,0,133,0,0.25507209061420516,0.0,0.0,0.9262043946073187,0.0,2.4207852014652014,2.4347523450980395,3.139579792252512,0.1073148988402219,0.3002257336343115,0.0,0.0,0.0,0.0,0.39088877897804014,1.0901639344262295,0.0,0.0,0.09772219474451004
Goldwing Turbine (blue),common,SEA038,https://prod-content.fabrary.io/cards/SEA038.webp,tDL9LBtmCdmkrNnQzRhQ9,3,2,,3,,,,"Mechanologist, Action",,,,,,,"""Your next Mechanologist attack this turn gets +1{p}.",,,,,,,132,0,0,132,0,0.2515135433280655,0.0,0.0,0.913282784379779,0.0,2.4207852014652014,2.4347523450980395,3.139579792252512,0.10650801990157362,0.2979683972911964,0.0,0.0,0.0,0.0,0.3879497656022654,1.0819672131147542,0.0,0.0,0.09698744140056635
Draw Back the Hammer (red),common,SEA039,https://prod-content.fabrary.io/cards/SEA039.webp,L9p7KwzTpjnpPGqjnDgqn,1,1,,2,,,,"Mechanologist, Action",Go again,,,,,,"""Your next Mechanologist attack this turn gets +4{p}.",,,,,,,113,0,0,113,0,0.21716963576852413,0.0,0.0,0.7885749888971819,0.0,2.4207852014652014,2.4347523450980395,2.1636648654232435,0.11145007013633657,0.255079006772009,0.0,0.0,0.0,0.0,0.40394144999756076,0.9262295081967213,0.0,0.0,0.10098536249939019
Perk Up (red),common,SEA040,https://prod-content.fabrary.io/cards/SEA040.webp,nrwKjjNcwNLF9KwWNLmHP,1,1,,2,,,,"Mechanologist, Action",Go again,,,,,,"""Your next Mechanologist attack this turn gets +4{p}.",,,,,,,131,0,0,131,0,0.2507951319577086,0.0,0.0,0.9106741266988927,0.0,2.4207852014652014,2.4347523450980395,2.1636648654232435,0.1292031786536291,0.29571106094808125,0.0,0.0,0.0,0.0,0.4682861057493846,1.0737704918032787,0.0,0.0,0.11707152643734615
Tighten the Screws (red),common,SEA041,https://prod-content.fabrary.io/cards/SEA041.webp,pK8JkmbJz7PNtMJCLPTHN,1,1,,2,,,,"Mechanologist, Action",Go again,,,,,,"""Your next Mechanologist attack this turn gets +4{p}.",,,,,,,110,0,0,110,0,0.2101786036266244,0.0,0.0,0.7631895197261853,0.0,2.4207852014652014,2.4347523450980395,2.1636648654232435,0.1084912187167878,0.24830699774266365,0.0,0.0,0.0,0.0,0.3932173407055901,0.9016393442622951,0.0,0.0,0.09830433517639753
Washed Up Wave,common,SEA046,https://prod-content.fabrary.io/cards/SEA046.webp,QtHWQMww79tzzPLJfbQBp,,,,0,,,,"Pirate, Necromancer, Equipment, Arms",Blade Break,,,,,Watery Grave,"""When this defends, you may discard a card or destroy the top card of your deck. If that card has watery grave, this gets +2{d}.",,,,,,,119,119,0,0,0,,,,,,1.6660106666666663,1.6660106666666663,1.7493112000000002,0.15714027962977012,0.2686230248306998,0.37772667427663675,0.6467391304347826,0.0,0.0,0.0,0.0,0.0,0.0,0.09443166856915919
Blood in the Water (red),mythic,SEA047,https://prod-content.fabrary.io/cards/SEA047.webp,mhWb9WptjzMQtB99PWNBr,1,0,,4,,,,"Pirate, Necromancer, Defense Reaction",,,,,,Watery Grave,"When this defends, you may discard a card or destroy the top card of your deck. If that card has watery grave, this gets +2{d}.",Pirate Necromancer Defense Reaction,,,,No,,21,21,0,0,0,0.03935335296174558,0.09474747479376788,0.0,0.0,0.0,0.16806472727272725,0.1711010909090909,0.18980700478468898,0.2635890591867594,0.04740406320541761,0.6331802166517475,0.11413043478260869,0.0,0.0,0.0,0.0,0.0,0.0,0.15829505416293688
Chart the High Seas (blue),mythic,SEA048,https://prod-content.fabrary.io/cards/SEA048.webp,jMMDM8cd7Dc8LdWWN7GzR,3,0,,3,,,,"Pirate, Necromancer, Action",Go again,,,,,,"""Look at the top 2 cards of your deck. You may pitch a blue card from among them. Put the rest into your graveyard.",,,,,,,4,4,0,0,0,0.00802642765337312,0.0193244970132842,0.0,0.0,0.0,0.16806472727272725,0.1711010909090909,0.18980700478468898,0.05020743984509703,0.009029345372460496,0.12060575555271381,0.021739130434782608,0.0,0.0,0.0,0.0,0.0,0.0,0.030151438888178454
Give No Quarter (blue),mythic,SEA049,https://prod-content.fabrary.io/cards/SEA049.webp,dMBRGmmzWTNGjDRbRMzMn,3,0,,3,,,,"Pirate, Necromancer, Action",Go again,,,,,,"""The next 2 ally cards with watery grave you play this turn cost {r}{r}{r} less to play.",,,,,,,12,12,0,0,0,0.022632868033283158,0.05449108988448065,0.0,0.0,0.0,0.16806472727272725,0.1711010909090909,0.18980700478468898,0.1506223195352911,0.02708803611738149,0.3618172666581414,0.06521739130434782,0.0,0.0,0.0,0.0,0.0,0.0,0.09045431666453535
"Chum, Friendly First Mate (yellow)",mythic,SEA050,https://prod-content.fabrary.io/cards/SEA050.webp,mwBrbdjPn7h8nPpCNzpMR,2,4,4,,6,,,"Pirate, Necromancer, Action, Ally",Watery Grave,"Action, Instant",Attack,,,Watery Grave,"""**Action** - {t}: **Attack**",,,,,,,21,21,0,0,0,0.039844406081503275,0.09592973855492364,0.0,0.0,0.0,0.16806472727272725,0.13770109090909088,0.18980700478468898,0.27085636733566953,0.04740406320541761,0.6383228419488861,0.11413043478260869,0.0,0.0,0.0,0.0,0.0,0.0,0.15958071048722153
Moray le Fay (yellow),mythic,SEA051,https://prod-content.fabrary.io/cards/SEA051.webp,HNFBzNgGjf6JnH9h6PKFJ,2,0,0,,3,,,"Pirate, Necromancer, Action, Ally",Watery Grave,"Action, Instant",Attack,,,,"""**Action** - {t}: **Attack**",,,,,,,5,5,0,0,0,0.009460120650223629,0.02277626873939711,0.0,0.0,0.0,0.16806472727272725,0.13770109090909088,0.18980700478468898,0.06448961127039751,0.011286681715575621,0.15198162903544907,0.02717391304347826,0.0,0.0,0.0,0.0,0.0,0.0,0.03799540725886227
Wailer Humperdinck (yellow),mythic,SEA052,https://prod-content.fabrary.io/cards/SEA052.webp,jqwmB7FLCpBPgTJz9ztGJ,2,6,11,,7,,,"Pirate, Necromancer, Action, Ally",Watery Grave,"Action, Instant",Attack,,,,"""**Action** - {r}{r}{r} {r}{r}{r}, {t}: **Attack**",,,,,,,10,10,0,0,0,0.019171999363777142,0.04615867238126779,0.0,0.0,0.0,0.16806472727272725,0.13770109090909088,0.18980700478468898,0.12897922254079502,0.022573363431151242,0.30396325807089813,0.05434782608695652,0.0,0.0,0.0,0.0,0.0,0.0,0.07599081451772453
Board the Ship (red),rare,SEA053,https://prod-content.fabrary.io/cards/SEA053.webp,nGCNDPFfPdhBFqBQBPWwk,1,2,6,3,,,,"Pirate, Necromancer, Action, Attack",Overpower,,,,,,"When this attacks, you may {t} an ally you control. If you do, this gets **overpower**.",Pirate Necromancer Action - Attack,,,,No,,44,44,0,0,0,0.08301911748206114,0.19987754915517983,0.0,0.0,0.0,0.7582363511904764,0.762198275,0.7975172199921293,0.12745268668695647,0.09932279909706546,0.30650522660886953,0.2391304347826087,0.0,0.0,0.0,0.0,0.0,0.0,0.07662630665221738
Paddle Faster (red),rare,SEA054,https://prod-content.fabrary.io/cards/SEA054.webp,PJQgmWWftPgbC9Nz7zzKD,1,0,4,3,,,,"Pirate, Necromancer, Action, Attack",Go again,,,,,,"When this attacks, you may {t} an ally you control. If you do, this gets **go again**.",Pirate Necromancer Action - Attack,,,,No,,43,43,0,0,0,0.08113636327133729,0.19534461374566534,0.0,0.0,0.0,0.7582363511904764,0.762198275,0.7975172199921293,0.12455603471679838,0.09706546275395034,0.29953919873139523,0.23369565217391305,0.0,0.0,0.0,0.0,0.0,0.0,0.07488479968284881
Hoist 'Em Up (red),rare,SEA055,https://prod-content.fabrary.io/cards/SEA055.webp,rLgf6HdKBBDFTcJrkwgtT,1,,,4,,,,"Pirate, Necromancer, Block",,,,,,,"When this defends, you may {t} an ally you control. If you do, this gets +1{d}.",Pirate Necromancer Block,,,,No,,54,54,0,0,0,0.10145906710544805,0.24427373221583418,0.0,0.0,0.0,0.7582363511904764,0.762198275,0.7975172199921293,0.15641920638853749,0.12189616252821671,0.3761655053836126,0.29347826086956524,0.0,0.0,0.0,0.0,0.0,0.0,0.09404137634590315
Avast Ye! (blue),rare,SEA056,https://prod-content.fabrary.io/cards/SEA056.webp,9hfD6tJzWCzbTMBnzgnBL,3,0,,3,,,,"Pirate, Necromancer, Action",Go again,,,Go again,,,"""Your next Pirate ally attack this turn gets **go again** and """"When this hits a hero, create a Gold token.""""",,,,,,,66,66,0,0,0,0.1251494074049358,0.30131080152384,0.0,0.0,0.0,0.7582363511904764,0.762198275,0.7975172199921293,0.1911790300304347,0.1489841986455982,0.45975783991330427,0.358695652173913,0.0,0.0,0.0,0.0,0.0,0.0,0.11493945997832607
Heave Ho! (blue),rare,SEA057,https://prod-content.fabrary.io/cards/SEA057.webp,6HTFGH8fzF8THpGNjpmHR,3,0,,3,,,,"Pirate, Necromancer, Action",Go again,,,Overpower,,,"""Your next Pirate ally attack this turn gets **overpower** and """"When this hits a hero, create a Gold token.""""",,,,,,,47,47,0,0,0,0.08838119845486345,0.21278734193208973,0.0,0.0,0.0,0.7582363511904764,0.762198275,0.7975172199921293,0.13614264259743078,0.10609480812641084,0.32740331024129243,0.2554347826086957,0.0,0.0,0.0,0.0,0.0,0.0,0.08185082756032311
Yo Ho Ho! (blue),rare,SEA058,https://prod-content.fabrary.io/cards/SEA058.webp,PGQMRR7h9kBt98fnhgnNt,3,0,,3,,,,"Pirate, Necromancer, Action",Go again,,,,,,"""Your next Pirate ally attack this turn gets +1{p} and """"When this hits a hero, create a Gold token.""""",,,,,,,66,66,0,0,0,0.12502619781069765,0.3010141610333644,0.0,0.0,0.0,0.7582363511904764,0.762198275,0.7975172199921293,0.1911790300304347,0.1489841986455982,0.45975783991330427,0.358695652173913,0.0,0.0,0.0,0.0,0.0,0.0,0.11493945997832607
"Kelpie, Tangled Mess (yellow)",rare,SEA059,https://prod-content.fabrary.io/cards/SEA059.webp,QCKrPkcL9crDhmNhQTnPc,2,0,1,,3,,,"Pirate, Necromancer, Action, Ally",Watery Grave,Action,"Attack, Go again",,,,"""**Action** - {t}: **Attack**",,,,,,,39,39,0,0,0,0.07398349609023137,0.17812330852158967,0.0,0.0,0.0,0.7582363511904764,0.6789978750000002,0.7975172199921293,0.11473918310795374,0.08803611738148984,0.27294060648882795,0.21195652173913043,0.0,0.0,0.0,0.0,0.0,0.0,0.06823515162220699
"Limpit, Hop-a-long (yellow)",rare,SEA060,https://prod-content.fabrary.io/cards/SEA060.webp,cw7GLPjtPFqMHJthzJCbw,2,0,2,,1,,,"Pirate, Necromancer, Action, Ally",Watery Grave,Action,"Attack, Go again",,,,"""**Action** - {r}, {t}: **Attack**. **Go again**",,,,,,,56,56,0,0,0,0.10744414603270834,0.2586834602852706,0.0,0.0,0.0,0.7582363511904764,0.6789978750000002,0.7975172199921293,0.16475369882167715,0.12641083521444696,0.3919147170095991,0.30434782608695654,0.0,0.0,0.0,0.0,0.0,0.0,0.09797867925239978
"Scooba, Salty Sea Dog (yellow)",rare,SEA061,https://prod-content.fabrary.io/cards/SEA061.webp,9PJ9CMqcgnDMFTR7WW8wq,2,0,4,,4,,,"Pirate, Necromancer, Action, Ally",Watery Grave,Action,Attack,,,,"""**Action** - {r}{r}{r}, {t}: **Attack**",,,,,,,69,69,0,0,0,0.1293074204117726,0.3113216697957351,0.0,0.0,0.0,0.7582363511904764,0.6789978750000002,0.7975172199921293,0.20300009319099507,0.15575620767494355,0.4828949191725418,0.375,0.0,0.0,0.0,0.0,0.0,0.0,0.12072372979313545
Angry Bones (red),common,SEA062,https://prod-content.fabrary.io/cards/SEA062.webp,kQ6FBdQthJqphzBCzPcB9,1,2,6,3,,,,"Pirate, Necromancer, Action, Attack",,,,,,Watery Grave,"When this attacks, you may discard a card or destroy the top card of your deck. If that card has watery grave, this gets +1{p}.",Pirate Necromancer Action - Attack,,,,,,128,128,0,0,0,0.2405684932095855,0.5791947961513391,0.0,0.0,0.0,2.419791868131868,2.4337590117647063,2.2115666117647073,0.1249070929632441,0.28893905191873587,0.3018053158826215,0.6956521739130435,0.0,0.0,0.0,0.0,0.0,0.0,0.07545132897065537
Angry Bones (yellow),common,SEA063,https://prod-content.fabrary.io/cards/SEA063.webp,jGn7mnKcjTLRfgQH9kChJ,2,2,5,3,,,,"Pirate, Necromancer, Action, Attack",,,,,,Watery Grave,"When this attacks, you may discard a card or destroy the top card of your deck. If that card has watery grave, this gets +1{p}.",Pirate Necromancer Action - Attack,,,,,,113,113,0,0,0,0.21083555429980116,0.5076095138848473,0.0,0.0,0.0,2.419791868131868,2.4337590117647063,2.2115666117647073,0.11026954300661394,0.255079006772009,0.2664375054276268,0.6141304347826086,0.0,0.0,0.0,0.0,0.0,0.0,0.0666093763569067
Angry Bones (blue),common,SEA064,https://prod-content.fabrary.io/cards/SEA064.webp,7MCWwM6pBCDcRdFRmTJRC,3,2,4,3,,,,"Pirate, Necromancer, Action, Attack",,,,,,Watery Grave,"When this attacks, you may discard a card or destroy the top card of your deck. If that card has watery grave, this gets +1{p}.",Pirate Necromancer Action - Attack,,,,,,198,198,0,0,0,0.3761401793556349,0.9055983666007947,0.0,0.0,0.0,2.419791868131868,2.4337590117647063,3.2114324117647053,0.1576771247619022,0.4469525959367946,0.37635374990131526,1.076086956521739,0.0,0.0,0.0,0.0,0.0,0.0,0.09408843747532881
Burly Bones (red),common,SEA065,https://prod-content.fabrary.io/cards/SEA065.webp,BdPrJgdgHTBcQ6gd7RTGc,1,2,6,3,,,,"Pirate, Necromancer, Action, Attack",Overpower,,,,,Watery Grave,"When this attacks, you may discard a card or destroy the top card of your deck. If that card has watery grave, this gets **overpower**.",Pirate Necromancer Action - Attack,,,,,,129,129,0,0,0,0.24302512721795894,0.5851094095519338,0.0,0.0,0.0,2.419791868131868,2.4337590117647063,2.2115666117647073,0.12588292962701947,0.291196388261851,0.3041631699129545,0.7010869565217391,0.0,0.0,0.0,0.0,0.0,0.0,0.07604079247823863
Burly Bones (yellow),common,SEA066,https://prod-content.fabrary.io/cards/SEA066.webp,rBJ7nHKTc9W6d6P8hK7BQ,2,2,5,3,,,,"Pirate, Necromancer, Action, Attack",Overpower,,,,,Watery Grave,"When this attacks, you may discard a card or destroy the top card of your deck. If that card has watery grave, this gets **overpower**.",Pirate Necromancer Action - Attack,,,,,,103,103,0,0,0,0.19494459785392793,0.469350308963533,0.0,0.0,0.0,2.419791868131868,2.4337590117647063,2.2115666117647073,0.10051117636886049,0.2325056433408578,0.242858965124297,0.5597826086956522,0.0,0.0,0.0,0.0,0.0,0.0,0.06071474128107425
Burly Bones (blue),common,SEA067,https://prod-content.fabrary.io/cards/SEA067.webp,hCT6MJC6bWrdHTmCjJfF6,3,2,4,3,,,,"Pirate, Necromancer, Action, Attack",Overpower,,,,,Watery Grave,"When this attacks, you may discard a card or destroy the top card of your deck. If that card has watery grave, this gets **overpower**.",Pirate Necromancer Action - Attack,,,,,,144,144,0,0,0,0.27232753906151247,0.6556581511100545,0.0,0.0,0.0,2.419791868131868,2.4337590117647063,2.2115666117647073,0.14052047958364963,0.32505643340857787,0.3395309803679492,0.782608695652174,0.0,0.0,0.0,0.0,0.0,0.0,0.0848827450919873
Jittery Bones (red),common,SEA068,https://prod-content.fabrary.io/cards/SEA068.webp,FBWddcQRCcJm9mqLNdwtW,1,0,4,3,,,,"Pirate, Necromancer, Action, Attack",Go again,,,,,Watery Grave,"When this attacks, you may discard a card or destroy the top card of your deck. If that card has watery grave, this gets **go again**.",Pirate Necromancer Action - Attack,,,,,,175,175,0,0,0,0.33202279349221137,0.7993809647665742,0.0,0.0,0.0,2.419791868131868,2.4337590117647063,2.2115666117647073,0.1707714161606853,0.39503386004514673,0.4126244553082716,0.9510869565217391,0.0,0.0,0.0,0.0,0.0,0.0,0.1031561138270679
Jittery Bones (yellow),common,SEA069,https://prod-content.fabrary.io/cards/SEA069.webp,CRn7J9kmnRCDPDRKbckQQ,2,0,3,3,,,,"Pirate, Necromancer, Action, Attack",Go again,,,,,Watery Grave,"When this attacks, you may discard a card or destroy the top card of your deck. If that card has watery grave, this gets **go again**.",Pirate Necromancer Action - Attack,,,,,,102,102,0,0,0,0.1924001633488781,0.4632243063236576,0.0,0.0,0.0,2.419791868131868,2.4337590117647063,2.2115666117647073,0.09953533970508516,0.23024830699774265,0.240501111093964,0.5543478260869565,0.0,0.0,0.0,0.0,0.0,0.0,0.060125277773491
Jittery Bones (blue),common,SEA070,https://prod-content.fabrary.io/cards/SEA070.webp,GTNzDNDpq96bffrF66DPG,3,0,2,3,,,,"Pirate, Necromancer, Action, Attack",Go again,,,,,Watery Grave,"When this attacks, you may discard a card or destroy the top card of your deck. If that card has watery grave, this gets **go again**.",Pirate Necromancer Action - Attack,,,,,,196,196,0,0,0,0.3678696693738338,0.8856862148511324,0.0,0.0,0.0,2.419791868131868,2.4337590117647063,3.2114324117647053,0.156084426531984,0.44243792325056436,0.372552196872009,1.065217391304348,0.0,0.0,0.0,0.0,0.0,0.0,0.09313804921800226
Restless Bones (red),common,SEA071,https://prod-content.fabrary.io/cards/SEA071.webp,DrDF9kFdf8r9M7chBwcK6,1,2,6,3,,,,"Pirate, Necromancer, Action, Attack",Go again,,,,,Watery Grave,"When this attacks, you may discard a card or destroy the top card of your deck. If that card has watery grave, this gets **go again**.",Pirate Necromancer Action - Attack,,,,,,163,163,0,0,0,0.31029541312658837,0.747069934864558,0.0,0.0,0.0,2.419791868131868,2.4337590117647063,2.2115666117647073,0.1590613761953812,0.36794582392776526,0.38433020694427583,0.8858695652173914,0.0,0.0,0.0,0.0,0.0,0.0,0.09608255173606896
Restless Bones (yellow),common,SEA072,https://prod-content.fabrary.io/cards/SEA072.webp,7kCDQpqnLkNbQmzzkcJcz,2,2,5,3,,,,"Pirate, Necromancer, Action, Attack",Go again,,,,,Watery Grave,"When this attacks, you may discard a card or destroy the top card of your deck. If that card has watery grave, this gets **go again**.",Pirate Necromancer Action - Attack,,,,,,132,132,0,0,0,0.246999115541159,0.5946772183952904,0.0,0.0,0.0,2.419791868131868,2.4337590117647063,2.2115666117647073,0.12881043961834548,0.2979683972911964,0.3112367320039534,0.717391304347826,0.0,0.0,0.0,0.0,0.0,0.0,0.07780918300098835
Restless Bones (blue),common,SEA073,https://prod-content.fabrary.io/cards/SEA073.webp,G6qbqK8tRPRF7dMhBRf7C,3,2,4,3,,,,"Pirate, Necromancer, Action, Attack",Go again,,,,,Watery Grave,"When this attacks, you may discard a card or destroy the top card of your deck. If that card has watery grave, this gets **go again**.",Pirate Necromancer Action - Attack,,,,,,228,228,0,0,0,0.43307912617074207,1.0426850700741235,0.0,0.0,0.0,2.419791868131868,2.4337590117647063,3.2114324117647053,0.18156759821067525,0.5146726862302483,0.4333770453409085,1.2391304347826086,0.0,0.0,0.0,0.0,0.0,0.0,0.10834426133522712
Barnacle (yellow),common,SEA074,https://prod-content.fabrary.io/cards/SEA074.webp,bmQzdmzHNfjGj6Qtf9cbJ,2,2,4,,3,,,"Pirate, Necromancer, Action, Ally",Watery Grave,Action,Attack,,,,"""**Action** - {t}: **Attack**",,,,,,,148,148,0,0,0,0.28147231057278377,0.6776751825203435,0.0,0.0,0.0,2.419791868131868,2.221924,1.9997316,0.15380293360967395,0.3340857787810384,0.36924985650808556,0.8043478260869565,0.0,0.0,0.0,0.0,0.0,0.0,0.09231246412702139
"Chowder, Hearty Cook (yellow)",common,SEA075,https://prod-content.fabrary.io/cards/SEA075.webp,99R9wJLnb9BPbM6WjttDq,2,3,3,,3,,,"Pirate, Necromancer, Action, Ally",Watery Grave,"Action, Instant",Attack,,,,"""**Action** - {t}: **Attack**",,,,,,,143,143,0,0,0,0.27012785270296813,0.6503621671055158,0.0,0.0,0.0,2.419791868131868,2.221924,1.9997316,0.14860688855529308,0.3227990970654628,0.3567751991936232,0.7771739130434783,0.0,0.0,0.0,0.0,0.0,0.0,0.0891937997984058
"Cutty Shark, Quick Clip (yellow)",common,SEA076,https://prod-content.fabrary.io/cards/SEA076.webp,zFb8FTK6fL7wtcRdcR8gj,2,1,3,,4,,,"Pirate, Necromancer, Action, Ally",Watery Grave,"Action, Once per Turn Action","Attack, Go again",,,,"""**Action** - {r}, {t}: **Attack**",,,,,,,187,187,0,0,0,0.3504835195763397,0.8438271694147744,0.0,0.0,0.0,2.419791868131868,2.221924,2.9995974000000007,0.15671625549320634,0.4221218961625282,0.37191805846535836,1.016304347826087,0.0,0.0,0.0,0.0,0.0,0.0,0.09297951461633959
Riggermortis (yellow),common,SEA077,https://prod-content.fabrary.io/cards/SEA077.webp,jrGCfgFzjRwjWMNCCPzmc,2,1,6,,1,,,"Pirate, Necromancer, Action, Ally",Watery Grave,Action,Attack,,,,"""**Action** - {r}, {t}: **Attack**",,,,,,,178,178,0,0,0,0.3386553880730719,0.8153496571541894,0.0,0.0,0.0,2.419791868131868,2.221924,1.9997316,0.18497920393595924,0.4018058690744921,0.4440978003948597,0.967391304347826,0.0,0.0,0.0,0.0,0.0,0.0,0.11102445009871492
"Shelly, Hardened Traveler (yellow)",common,SEA078,https://prod-content.fabrary.io/cards/SEA078.webp,rc7mWBhpMFfgWcfhmTJCN,2,2,4,,5,,,"Pirate, Necromancer, Action, Ally",Watery Grave,"Action, Instant",,,,,"""**Action** - {r}{r}{r}, {t}: **Attack**",,,,,,,124,124,0,0,0,0.23220006382259434,0.5590468927902679,0.0,0.0,0.0,2.419791868131868,2.221924,1.9997316,0.12886191734864574,0.2799097065462754,0.3093715013986663,0.6739130434782609,0.0,0.0,0.0,0.0,0.0,0.0,0.07734287534966658
Swabbie (yellow),common,SEA079,https://prod-content.fabrary.io/cards/SEA079.webp,HqbJGrbMPHJQWPhN8kcFd,2,3,7,,3,,,"Pirate, Necromancer, Action, Ally",Watery Grave,Action,Attack,,,,"""**Action** - {r}{r}, {t}: **Attack**",,,,,,,185,185,0,0,0,0.3507476543660143,0.8444631026312193,0.0,0.0,0.0,2.419791868131868,2.221924,1.9997316,0.19225366701209246,0.417607223476298,0.461562320635107,1.0054347826086956,0.0,0.0,0.0,0.0,0.0,0.0,0.11539058015877675
Head Stone,common,SEA081,https://prod-content.fabrary.io/cards/SEA081.webp,Pm8jQMDcJhBnT8wj6rwFD,,,,1,,,,"Necromancer, Equipment, Head",Battleworn,,,,,,"""**Instant** - Destroy this: Destroy the top card of your deck.",,,,,,,118,118,0,0,0,,,,,,1.6660106666666663,1.6660106666666663,1.7493112000000002,0.15581977307825945,0.26636568848758463,0.37455250054321965,0.6413043478260869,0.0,0.0,0.0,0.0,0.0,0.0,0.09363812513580491
King Kraken Harpoon (red),mythic,SEA085,https://prod-content.fabrary.io/cards/SEA085.webp,pnjKtMh8BcRHL8NJkFWpL,1,2,6,3,,,,"Pirate, Ranger, Action, Arrow, Attack",Go Fish,,,,,,"**Go Fish** - When this hits a hero, they choose and reveal a card from their hand. If it's a non-attack action card, they discard it and you create a Gold token. If you've activated a cannon this turn, instead look at their hand and you choose the card.",Pirate Ranger Action - Arrow Attack,,,,No,,16,0,0,0,16,0.03145818618194654,0.0,0.0,0.0,0.12224540770703787,0.16806472727272725,0.1711010909090909,0.18980700478468898,0.2008297593803881,0.03611738148984198,0.0,0.0,0.0,0.0,0.0,0.0,0.7800308344322749,0.14035087719298245,0.19500770860806874
King Shark Harpoon (red),mythic,SEA086,https://prod-content.fabrary.io/cards/SEA086.webp,TGmtp7HrQ86JjWhcMfgrh,1,2,6,3,,,,"Pirate, Ranger, Action, Arrow, Attack",Go Fish,,,,,,"**Go Fish** - When this hits a hero, they choose and reveal a card from their hand. If it's an attack action card, they discard it and you create a Gold token. If you've activated a cannon this turn, instead look at their hand and you choose the card.",Pirate Ranger Action - Arrow Attack,,,,No,,13,0,0,0,13,0.024172241425139972,0.0,0.0,0.0,0.093932482029272,0.16806472727272725,0.1711010909090909,0.18980700478468898,0.16317417949656535,0.029345372460496615,0.0,0.0,0.0,0.0,0.0,0.0,0.6337750529762234,0.11403508771929824,0.15844376324405585
Big Game Trophy Shot (yellow),mythic,SEA087,https://prod-content.fabrary.io/cards/SEA087.webp,mcWPGtmMHtkG7RrMpnKgq,2,2,,3,,,,"Pirate, Ranger, Action",Go again,,,,,,"""Your next arrow attack this turn gets +4{p}. If it has harpoon in its name, it gets """"When this hits a hero, create a Gold token.""""",,,,,,,10,0,0,0,10,0.019576731693530643,0.0,0.0,0.0,0.07607449245819364,0.16806472727272725,0.1711010909090909,0.18980700478468898,0.1255185996127426,0.022573363431151242,0.0,0.0,0.0,0.0,0.0,0.0,0.4875192715201718,0.08771929824561403,0.12187981788004296
Gold the Tip (yellow),mythic,SEA088,https://prod-content.fabrary.io/cards/SEA088.webp,f9RrDh96NLGChKKrC9JGK,2,0,,2,,,,"Pirate, Ranger, Action",Go again,,,,,,"""Your next arrow attack this turn gets +3{p}.",,,,,,,6,0,0,0,6,0.01158519047909567,0.0,0.0,0.0,0.04501964370385422,0.16806472727272725,0.1711010909090909,0.18980700478468898,0.07531115976764555,0.013544018058690745,0.0,0.0,0.0,0.0,0.0,0.0,0.2925115629121031,0.05263157894736842,0.07312789072802578
Blue Fin Harpoon (blue),rare,SEA089,https://prod-content.fabrary.io/cards/SEA089.webp,KtQQggkn6LkFz7dGHNLWj,3,2,4,3,,,,"Pirate, Ranger, Action, Arrow, Attack",Go Fish,,,,,,"**Go Fish** - When this hits a hero, they choose and reveal a card from their hand. If it's blue, they discard it and you create a Gold token. If you've activated a cannon this turn, instead look at their hand and you choose the card.",Pirate Ranger Action - Arrow Attack,,,,No,,41,0,0,0,41,0.0786069164859159,0.0,0.0,0.0,0.3054637193268487,0.7582363511904764,0.762198275,0.7975172199921293,0.11876273077648217,0.09255079006772009,0.0,0.0,0.0,0.0,0.0,0.0,0.4614641448108183,0.35964912280701755,0.11536603620270458
Red Fin Harpoon (blue),rare,SEA090,https://prod-content.fabrary.io/cards/SEA090.webp,tnznnMJqJfzTqCn8QBgBz,3,2,4,3,,,,"Pirate, Ranger, Action, Arrow, Attack",Go Fish,,,,,,"**Go Fish** - When this hits a hero, they choose and reveal a card from their hand. If it's red, they discard it and you create a Gold token. If you've activated a cannon this turn, instead look at their hand and you choose the card.",Pirate Ranger Action - Arrow Attack,,,,No,,35,0,0,0,35,0.06658812997887384,0.0,0.0,0.0,0.25875913667229045,0.7582363511904764,0.762198275,0.7975172199921293,0.10138281895553355,0.07900677200902935,0.0,0.0,0.0,0.0,0.0,0.0,0.3939328065458205,0.30701754385964913,0.09848320163645513
Yellow Fin Harpoon (blue),rare,SEA091,https://prod-content.fabrary.io/cards/SEA091.webp,QMr7k6cBWr6PJNDFFWgFw,3,2,4,3,,,,"Pirate, Ranger, Action, Arrow, Attack",Go Fish,,,,,,"**Go Fish** - When this hits a hero, they choose and reveal a card from their hand. If it's yellow, they discard it and you create a Gold token. If you've activated a cannon this turn, instead look at their hand and you choose the card.",Pirate Ranger Action - Arrow Attack,,,,No,,40,0,0,0,40,0.07703819293502988,0.0,0.0,0.0,0.2993677146510372,0.7582363511904764,0.762198275,0.7975172199921293,0.11586607880632407,0.09029345372460497,0.0,0.0,0.0,0.0,0.0,0.0,0.450208921766652,0.3508771929824561,0.112552230441663
Rusty Harpoon (blue),common,SEA092,https://prod-content.fabrary.io/cards/SEA092.webp,CMbMkj6F86Kj9kPKNBwPN,3,0,1,3,,,,"Pirate, Ranger, Action, Arrow, Attack",,,,,,,,Pirate Ranger Action - Arrow Attack,,,,,,111,0,0,0,111,0.21333223294802742,0.0,0.0,0.0,0.8290015718945276,2.4196932014652024,2.4336603450980396,2.211477811764707,0.10832224904393764,0.2505643340857788,0.0,0.0,0.0,0.0,0.0,0.0,0.4206432592800684,0.9736842105263158,0.1051608148200171
Patch the Hole,common,SEA096,https://prod-content.fabrary.io/cards/SEA096.webp,nJMKbnPpBCWztRhwhngTw,,,,0,,,,"Ranger, Equipment, Head",,Instant,,,,,**Instant** - Destroy this: Return a card from your arsenal to your hand.,Ranger Equipment - Head,,,,,,42,0,0,0,42,,,,,,1.6660106666666663,1.6660106666666663,1.7493112000000002,0.05546127516344828,0.09480812641083522,0.0,0.0,0.0,0.0,0.0,0.0,0.21556154446810957,0.3684210526315789,0.05389038611702739
Glidewell Fins,common,SEA097,https://prod-content.fabrary.io/cards/SEA097.webp,N8krkMtHG86TBmG8Fp69t,,,,1,,,,"Ranger, Equipment, Arms",Battleworn,,,,,,"""**Action** - {r}, destroy this: Put an arrow from your hand face-up into your arsenal. It gets +1{p} this turn. **Go again**",,,,,,,75,0,0,0,75,,,,,,1.6660106666666663,1.6660106666666663,1.7493112000000002,0.09903799136330049,0.16930022573363432,0.0,0.0,0.0,0.0,0.0,0.0,0.38493132940733854,0.6578947368421053,0.09623283235183464
Barbed Barrage (red),mythic,SEA098,https://prod-content.fabrary.io/cards/SEA098.webp,qbkqDjRTCdJznpTWt8j67,1,1,5,3,,,,"Ranger, Action, Arrow, Attack",,,,,,,"As an additional cost to play this, you may pay {r}{r}{r}. If you do, this attacks an additional target.",Ranger Action - Arrow Attack,,,,No,,8,0,0,0,8,0.015145157498430633,0.0,0.0,0.0,0.05885355062986641,0.16806472727272725,0.1711010909090909,0.18980700478468898,0.10041487969019405,0.01805869074492099,0.0,0.0,0.0,0.0,0.0,0.0,0.39001541721613747,0.07017543859649122,0.09750385430403437
Return Fire (red),mythic,SEA099,https://prod-content.fabrary.io/cards/SEA099.webp,CDPwNh676DmWHj7dJzD6N,1,,,4,,,,"Ranger, Block",,,,,,,"When this defends, you may banish an arrow from your hand. If you do, at the start of your next turn, put it face-up into your arsenal and it gets +3{p} until end of turn.",Ranger Block,,,,No,,8,0,0,0,8,0.015168996776160848,0.0,0.0,0.0,0.05894618922666014,0.16806472727272725,0.1711010909090909,0.18980700478468898,0.10041487969019405,0.01805869074492099,0.0,0.0,0.0,0.0,0.0,0.0,0.39001541721613747,0.07017543859649122,0.09750385430403437
Drop the Anchor (red),rare,SEA100,https://prod-content.fabrary.io/cards/SEA100.webp,nzhkqMtnDtP7HP8NRWpTP,1,0,,2,,,,"Ranger, Action",Go again,,,,,,"""Your next arrow attack this turn gets +3{p} and """"When this hits a hero, {t} them and all allies they control.""""",,,,,,,29,0,0,0,29,0.05371076523121753,0.0,0.0,0.0,0.2087181491002576,0.7582363511904764,0.762198275,0.7975172199921293,0.08400290713458496,0.0654627539503386,0.0,0.0,0.0,0.0,0.0,0.0,0.3264014682808227,0.2543859649122807,0.08160036707020568
Fire in the Hole (red),rare,SEA101,https://prod-content.fabrary.io/cards/SEA101.webp,qnr8rHRmfzBbrgbjM9GjG,1,0,,2,,,,"Ranger, Action",Go again,,,,,,"""Your next arrow attack this turn gets +3{p}.",,,,,,,30,0,0,0,30,0.05676458552216399,0.0,0.0,0.0,0.22058518759928641,0.7582363511904764,0.762198275,0.7975172199921293,0.08689955910474305,0.06772009029345373,0.0,0.0,0.0,0.0,0.0,0.0,0.337656691324989,0.2631578947368421,0.08441417283124725
Monkey Powder (red),rare,SEA102,https://prod-content.fabrary.io/cards/SEA102.webp,qrzhp6bWn7rbTFt9fHw7k,1,3,,2,,,,"Ranger, Action",Go again,,,Overpower,,,"""Your next arrow attack this turn gets +1{p} and **overpower**.",,,,,,,24,0,0,0,24,0.0449862830912782,0.0,0.0,0.0,0.1748151176266337,0.7582363511904764,0.762198275,0.7975172199921293,0.06951964728379444,0.05417607223476298,0.0,0.0,0.0,0.0,0.0,0.0,0.2701253530599912,0.21052631578947367,0.0675313382649978
Hook (blue),rare,SEA103,https://prod-content.fabrary.io/cards/SEA103.webp,9tPpWpwwJdjzdcBppcpQq,3,0,,3,,,,"Ranger, Action",Go again,,,,,,"""Look at the top card of your deck. If it's an arrow, you may put it face-up into your arsenal. If you do, it gets +1{p} this turn.",,,,,,,31,0,0,0,31,0.05821929673181793,0.0,0.0,0.0,0.22623814431750303,0.7582363511904764,0.762198275,0.7975172199921293,0.08979621107490116,0.06997742663656885,0.0,0.0,0.0,0.0,0.0,0.0,0.3489119143691553,0.2719298245614035,0.08722797859228883
Line (blue),rare,SEA104,https://prod-content.fabrary.io/cards/SEA104.webp,8CRqBFWrD7R7kCrnJbKr9,3,0,,3,,,,"Ranger, Action",Go again,,,Go again,,,"""Look at the top card of your deck. If it's an arrow, you may put it face-up into your arsenal. If you do, it gets **go again** this turn.",,,,,,,26,0,0,0,26,0.049872080600587274,0.0,0.0,0.0,0.19380115531631723,0.7582363511904764,0.762198275,0.7975172199921293,0.07531295122411065,0.05869074492099323,0.0,0.0,0.0,0.0,0.0,0.0,0.2926357991483238,0.22807017543859648,0.07315894978708096
Sinker (blue),rare,SEA105,https://prod-content.fabrary.io/cards/SEA105.webp,z8hRmWFtTQPPC8pDR9jTw,3,0,,3,,,,"Ranger, Action",Go again,,,Overpower,,,"""Look at the top card of your deck. If it's an arrow, you may put it face-up into your arsenal. If you do, it gets **overpower** this turn.",,,,,,,24,0,0,0,24,0.04618710466818987,0.0,0.0,0.0,0.17948146814042204,0.7582363511904764,0.762198275,0.7975172199921293,0.06951964728379444,0.05417607223476298,0.0,0.0,0.0,0.0,0.0,0.0,0.2701253530599912,0.21052631578947367,0.0675313382649978
Dry Powder Shot (red),common,SEA106,https://prod-content.fabrary.io/cards/SEA106.webp,c98tqCFBpDpkCNbkkT8mg,1,0,3,3,,,,"Ranger, Action, Arrow, Attack",,,,,,,"When this is put face-up into your arsenal, it gets +2{p} this turn.",Ranger Action - Arrow Attack,,,,,,103,0,0,0,103,0.19719510932622653,0.0,0.0,0.0,0.7662932757150732,2.4196932014652024,2.4336603450980396,2.211477811764707,0.10051524010383403,0.2325056433408578,0.0,0.0,0.0,0.0,0.0,0.0,0.390326627980604,0.9035087719298246,0.097581656995151
Entangling Shot (red),common,SEA107,https://prod-content.fabrary.io/cards/SEA107.webp,JKqPrBhgGqjjWjnwBPpJN,1,0,4,3,,,,"Ranger, Action, Arrow, Attack",,,,,,,"When this is put face-up into your arsenal, you may {t} target hero.",Ranger Action - Arrow Attack,,,,,,97,0,0,0,97,0.18523809900188493,0.0,0.0,0.0,0.7198287531389037,2.4196932014652024,2.4336603450980396,2.211477811764707,0.09465998339875632,0.21896162528216703,0.0,0.0,0.0,0.0,0.0,0.0,0.36758915450600577,0.8508771929824561,0.09189728862650144
Nettling Shot (red),common,SEA108,https://prod-content.fabrary.io/cards/SEA108.webp,fhmnPQWbBz77qwmWDL6hT,1,0,4,3,,,,"Ranger, Action, Arrow, Attack",,,,,,,"When this is put face-up into your arsenal, you may {t} target ally.",Ranger Action - Arrow Attack,,,,,,78,0,0,0,78,0.14958202296552955,0.0,0.0,0.0,0.5812704927520139,2.4196932014652024,2.4336603450980396,2.211477811764707,0.07611833716601024,0.17607223476297967,0.0,0.0,0.0,0.0,0.0,0.0,0.2955871551697778,0.6842105263157895,0.07389678879244445
Scouting Shot (red),common,SEA109,https://prod-content.fabrary.io/cards/SEA109.webp,mTbrkkQFPRjRGNJMPtF7Q,1,0,4,3,,,,"Ranger, Action, Arrow, Attack",,,,,,,"When this is put face-up into your arsenal, you may look at the top card of your deck.",Ranger Action - Arrow Attack,,,,,,88,0,0,0,88,0.16814103561039087,0.0,0.0,0.0,0.6533901646965189,2.4196932014652024,2.4336603450980396,2.211477811764707,0.08587709834113975,0.1986455981941309,0.0,0.0,0.0,0.0,0.0,0.0,0.3334829442941083,0.7719298245614035,0.08337073607352707
Swift Shot (red),common,SEA110,https://prod-content.fabrary.io/cards/SEA110.webp,wFhMnRGdkbwTt6CgpQLHP,1,0,4,3,,,,"Ranger, Action, Arrow, Attack",Go again,,,,,,"When this is put face-up into your arsenal, it gets **go again** this turn.",Ranger Action - Arrow Attack,,,,,,112,0,0,0,112,0.21458472363878278,0.0,0.0,0.0,0.8338687067717612,2.4196932014652024,2.4336603450980396,2.211477811764707,0.1092981251614506,0.2528216704288939,0.0,0.0,0.0,0.0,0.0,0.0,0.4244328381925015,0.9824561403508771,0.10610820954812537
Head Shot (red),common,SEA111,https://prod-content.fabrary.io/cards/SEA111.webp,KjdKWBHLWtqdF66zPzRwG,1,1,4,3,,,,"Ranger, Action, Arrow, Attack",,,,,,,"When this is put into your arsenal face up, it gains +2{p} until end of turn.",Ranger Action - Arrow Attack,,,,,,82,0,0,0,82,0.1562070990712741,0.0,0.0,0.0,0.6070153060401265,2.2218253333333338,2.2218253333333338,1.9996428000000008,0.08789376403249576,0.18510158013544017,0.0,0.0,0.0,0.0,0.0,0.0,0.3414115774028212,0.7192982456140351,0.0853528943507053
Head Shot (yellow),common,SEA112,https://prod-content.fabrary.io/cards/SEA112.webp,cDJpRqfcbpFm8NjnhDfCw,2,1,3,3,,,,"Ranger, Action, Arrow, Attack",,,,,,,"When this is put into your arsenal face up, it gains +2{p} until end of turn.",Ranger Action - Arrow Attack,,,,,,72,0,0,0,72,0.13874938387792335,0.0,0.0,0.0,0.5391752373501759,2.2218253333333338,2.2218253333333338,1.9996428000000008,0.07717501232121578,0.16252821670428894,0.0,0.0,0.0,0.0,0.0,0.0,0.2997760191829649,0.631578947368421,0.07494400479574123
Head Shot (blue),common,SEA113,https://prod-content.fabrary.io/cards/SEA113.webp,zNgcmTJjnWHfGKcLmPw8G,3,1,2,3,,,,"Ranger, Action, Arrow, Attack",,,,,,,"When this is put into your arsenal face up, it gains +2{p} until end of turn.",Ranger Action - Arrow Attack,,,,,,119,0,0,0,119,0.2280955925401694,0.0,0.0,0.0,0.886371469256974,2.2218253333333338,2.2218253333333338,2.9994642000000007,0.10224217951406105,0.2686230248306998,0.0,0.0,0.0,0.0,0.0,0.0,0.39776877637163666,1.043859649122807,0.09944219409290916
Salvage Shot (red),common,SEA114,https://prod-content.fabrary.io/cards/SEA114.webp,9pnrkbM9DbqCqqkbDCC8N,1,1,5,3,,,,"Ranger, Action, Arrow, Attack",,,,,,,"When this hits, put it on the bottom of its owner's deck.",Ranger Action - Arrow Attack,,,,,,89,0,0,0,89,0.1695906604960501,0.0,0.0,0.0,0.6590233561381595,2.2218253333333338,2.2218253333333338,1.9996428000000008,0.09539689023039173,0.20090293453724606,0.0,0.0,0.0,0.0,0.0,0.0,0.37055646815672055,0.7807017543859649,0.09263911703918014
Salvage Shot (yellow),common,SEA115,https://prod-content.fabrary.io/cards/SEA115.webp,d8mzLHtQRkT8GWFcgR78H,2,1,4,3,,,,"Ranger, Action, Arrow, Attack",,,,,,,"When this hits, put it on the bottom of its owner's deck.",Ranger Action - Arrow Attack,,,,,,84,0,0,0,84,0.16115099346645792,0.0,0.0,0.0,0.6262271061898321,2.2218253333333338,2.2218253333333338,1.9996428000000008,0.09003751437475174,0.18961625282167044,0.0,0.0,0.0,0.0,0.0,0.0,0.34973868904679245,0.7368421052631579,0.08743467226169811
Salvage Shot (blue),common,SEA116,https://prod-content.fabrary.io/cards/SEA116.webp,bjffjnzNfQhdcGKKCWKCd,3,1,3,3,,,,"Ranger, Action, Arrow, Attack",,,,,,,"When this hits, put it on the bottom of its owner's deck.",Ranger Action - Arrow Attack,,,,,,113,0,0,0,113,0.21573597712643178,0.0,0.0,0.0,0.838342437429906,2.2218253333333338,2.2218253333333338,2.9994642000000007,0.0970871116394025,0.255079006772009,0.0,0.0,0.0,0.0,0.0,0.0,0.37771320781508355,0.9912280701754386,0.09442830195377089
Sic 'Em Shot (red),common,SEA117,https://prod-content.fabrary.io/cards/SEA117.webp,TrRC6WMrRhbCtKzpRQLPM,1,1,4,3,,,,"Ranger, Action, Arrow, Attack",Go again,,,,,,**Go again**,Ranger Action - Arrow Attack,,,,,,87,0,0,0,87,0.1679015030865722,0.0,0.0,0.0,0.6524593497136095,2.2218253333333338,2.2218253333333338,1.9996428000000008,0.09325313988813573,0.1963882618510158,0.0,0.0,0.0,0.0,0.0,0.0,0.3622293565127493,0.7631578947368421,0.09055733912818732
Sic 'Em Shot (yellow),common,SEA118,https://prod-content.fabrary.io/cards/SEA118.webp,TMBGhtBJMzbWMLPzNJCW9,2,1,3,3,,,,"Ranger, Action, Arrow, Attack",Go again,,,,,,**Go again**,Ranger Action - Arrow Attack,,,,,,68,0,0,0,68,0.13008639375116346,0.0,0.0,0.0,0.5055111616821527,2.2218253333333338,2.2218253333333338,1.9996428000000008,0.07288751163670379,0.15349887133182843,0.0,0.0,0.0,0.0,0.0,0.0,0.28312179589502245,0.5964912280701754,0.07078044897375561
Sic 'Em Shot (blue),common,SEA119,https://prod-content.fabrary.io/cards/SEA119.webp,FHfhK9rLHDcNCdQJQ79Wh,3,1,2,3,,,,"Ranger, Action, Arrow, Attack",Go again,,,,,,**Go again**,Ranger Action - Arrow Attack,,,,,,122,0,0,0,122,0.23416446928556103,0.0,0.0,0.0,0.9099549113465223,2.2218253333333338,2.2218253333333338,2.9994642000000007,0.10481971345139032,0.27539503386004516,0.0,0.0,0.0,0.0,0.0,0.0,0.40779656064991326,1.0701754385964912,0.10194914016247832
Call in the Big Guns (red),common,SEA120,https://prod-content.fabrary.io/cards/SEA120.webp,7c9KRd7Rh7hbGJ8kRCrFr,1,0,,2,,,,"Ranger, Action",Go again,,,,,,"""Your next arrow attack this turn gets +3{p}.",,,,,,,126,0,0,0,126,0.24090903918962914,0.0,0.0,0.0,0.9361640733421553,2.4196932014652024,2.4336603450980396,3.2112992117647066,0.1003441187014608,0.28442437923250563,0.0,0.0,0.0,0.0,0.0,0.0,0.3902487082504785,1.105263157894737,0.09756217706261963
Call in the Big Guns (yellow),common,SEA121,https://prod-content.fabrary.io/cards/SEA121.webp,L6GQFG6PbmFHrGw8fhwMn,2,0,,2,,,,"Ranger, Action",Go again,,,,,,"""Your next arrow attack this turn gets +2{p}.",,,,,,,96,0,0,0,96,0.1818226154418534,0.0,0.0,0.0,0.7065563038661496,2.4196932014652024,2.4336603450980396,2.211477811764707,0.09368410728124336,0.21670428893905191,0.0,0.0,0.0,0.0,0.0,0.0,0.3637995755935727,0.8421052631578947,0.09094989389839317
Call in the Big Guns (blue),common,SEA122,https://prod-content.fabrary.io/cards/SEA122.webp,QLDR6B8G7KPBBTF8C9JKJ,3,0,,2,,,,"Ranger, Action",Go again,,,,,,"""Your next arrow attack this turn gets +1{p}.",,,,,,,75,0,0,0,75,0.14299151624154804,0.0,0.0,0.0,0.5556600148684718,2.4196932014652024,2.4336603450980396,2.211477811764707,0.07319070881347138,0.16930022573363432,0.0,0.0,0.0,0.0,0.0,0.0,0.28421841843247864,0.6578947368421053,0.07105460460811966
Blue Sea Tricorn,common,SEA126,https://prod-content.fabrary.io/cards/SEA126.webp,8TbK6kFJcDtRjqwNzBbmp,,,,1,,,,"Pirate, Equipment, Head",Blade Break,Action,Go again,,,,"""**Action** - {r}{r}{r}, destroy this: Draw a card. **Go again**",,,,,,,103,23,4,47,29,,,,,,1.6660106666666663,1.6660106666666663,1.4994096000000001,0.14723585153104354,0.2325056433408578,0.07943287582710622,0.125,0.10815067621426606,0.17391304347826086,0.24361920458109929,0.38524590163934425,0.1610254517732296,0.2543859649122807,0.14805705209892528
Buccaneer's Bounty,common,SEA127,https://prod-content.fabrary.io/cards/SEA127.webp,KL6rbKJcpRFhNFLwbkbbg,,,,1,,,,"Pirate, Equipment, Chest",Blade Break,Action,Go again,,,,"""**Action** - Destroy this: Gain {r}. **Go again**",,,,,,,103,50,6,17,30,,,,,,1.6660106666666663,1.6660106666666663,1.4994096000000001,0.14723585153104354,0.2325056433408578,0.17268016484153526,0.2717391304347826,0.16222601432139908,0.2608695652173913,0.08811758463571677,0.13934426229508196,0.1665780535585134,0.2631578947368421,0.1474004543392911
Fish Fingers,common,SEA128,https://prod-content.fabrary.io/cards/SEA128.webp,KGqmhqzwPDDcr6MNr76gB,,,,1,,,,"Pirate, Equipment, Arms",Blade Break,Action,Go again,,,,"""**Action** - {r}, destroy this: Your next attack this turn gets +1{p}. **Go again**",,,,,,,80,24,7,31,18,,,,,,1.6660106666666663,1.6660106666666663,1.4994096000000001,0.11435794293673285,0.18058690744920994,0.08288647912393692,0.13043478260869565,0.1892636833749656,0.30434782608695654,0.16068500727689528,0.2540983606557377,0.09994683213510804,0.15789473684210525,0.13319550047772646
Peg Leg,common,SEA129,https://prod-content.fabrary.io/cards/SEA129.webp,wcP88wJc6CFbLQpQFJcCn,,,,1,,,,"Pirate, Equipment, Legs",Blade Break,Action,Go again,Go again,,,"""**Action** - {r}{r}{r}, destroy this: Your next attack this turn gets **go again**. **Go again**.",,,,,,,90,45,7,10,28,,,,,,1.6660106666666663,1.6660106666666663,1.4994096000000001,0.12865268580382447,0.20316027088036118,0.15541214835738174,0.24456521739130435,0.1892636833749656,0.30434782608695654,0.05183387331512751,0.08196721311475409,0.15547284998794583,0.24561403508771928,0.13799563875885518
Conqueror of the High Seas (red),mythic,SEA130,https://prod-content.fabrary.io/cards/SEA130.webp,gHzNJcBw6rtnCgNqfftPz,1,4,7,3,,,,"Pirate, Action, Attack","High Tide, Go again",,,,,,"""When this hits a hero, destroy all cards in their arsenal. Create a Gold token for each card destroyed this way.",,,,,,,12,6,0,3,3,0.022256645309430636,0.026608762769416962,0.0,0.02031774162921704,0.021797517927548887,0.16806472727272725,0.1711010909090909,0.18980700478468898,0.1506223195352911,0.02708803611738149,0.1809086333290707,0.03260869565217391,0.0,0.0,0.13681246193373264,0.02459016393442623,0.14625578145605156,0.02631578947368421,0.11599421917971373
Loan Shark (yellow),mythic,SEA131,https://prod-content.fabrary.io/cards/SEA131.webp,88GhcGBpR8WDWQRr87hcn,2,0,,3,,,,"Pirate, Action, Aura",Go again,,,,,,"""**Go again**",,,,,,,7,0,1,3,3,0.013686869544063316,0.0,0.043478260869565216,0.02117486338797814,0.021753946269181722,0.16806472727272725,0.1711010909090909,0.18980700478468898,0.0878630197289198,0.01580135440180587,0.0,0.0,0.24608007625590625,0.043478260869565216,0.13681246193373264,0.02459016393442623,0.14625578145605156,0.02631578947368421,0.1322870799114226
Tip the Barkeep (blue),mythic,SEA132,https://prod-content.fabrary.io/cards/SEA132.webp,gzHcjD7dKLpDfKtnKW8p8,3,0,,3,,,,"Pirate, Action",Go again,,,,,,"""Create a Goldkiss Rum token.",,,,,,,8,5,0,0,3,0.016227834439441518,0.025316402858478596,0.0,0.0,0.02219923272554852,0.16806472727272725,0.1711010909090909,0.18980700478468898,0.10041487969019405,0.01805869074492099,0.15075719444089225,0.02717391304347826,0.0,0.0,0.0,0.0,0.14625578145605156,0.02631578947368421,0.07425324397423595
Sunken Treasure (blue),mythic,SEA133,https://prod-content.fabrary.io/cards/SEA133.webp,RjKRwHmnd9Dh87HHhr9mw,3,,,3,,,,"Pirate, Block",,,,,,,"When this defends, you may turn a card in a graveyard face-down. If it's yellow, create a Gold token.",Pirate Block,,,,No,,10,2,2,4,2,0.019462726098106873,0.008605072463768116,0.07971014492753623,0.02816467398003205,0.015519568151147098,0.16806472727272725,0.1711010909090909,0.18980700478468898,0.1255185996127426,0.022573363431151242,0.06030287777635691,0.010869565217391304,0.4921601525118125,0.08695652173913043,0.18241661591164354,0.03278688524590164,0.09750385430403437,0.017543859649122806,0.20809587512596187
HMS Barracuda (yellow),rare,SEA134,https://prod-content.fabrary.io/cards/SEA134.webp,bkMchLmgcWQfPCf7MtjnF,2,4,6,3,,,,"Pirate, Action, Attack","High Tide, Overpower",,,,,,"""When this hits a hero, destroy an ally they control.",,,,,,,50,22,3,12,13,0.09666793199912899,0.10129805132812775,0.12903225806451613,0.08094079367489507,0.099495909363312,0.7582363511904764,0.762198275,0.7975172199921293,0.14483259850790509,0.11286681715575621,0.15325261330443476,0.11956521739130435,0.1686778841274579,0.13043478260869565,0.12626356047722626,0.09836065573770492,0.1463178995741619,0.11403508771929824,0.14862798937082022
HMS Kraken (yellow),rare,SEA135,https://prod-content.fabrary.io/cards/SEA135.webp,7p9qhCT76DDh6MQ9zFDwK,2,4,6,3,,,,"Pirate, Action, Attack","High Tide, Overpower",,,,,,"""When this hits a hero, destroy an item they control.",,,,,,,44,16,2,13,13,0.08392397934809524,0.07114383605162984,0.07971014492753623,0.09150027311152954,0.09729377512952946,0.7582363511904764,0.762198275,0.7975172199921293,0.12745268668695647,0.09932279909706546,0.11145644603958892,0.08695652173913043,0.11245192275163861,0.08695652173913043,0.13678552385032844,0.10655737704918032,0.1463178995741619,0.11403508771929824,0.12675294805392945
HMS Marlin (yellow),rare,SEA136,https://prod-content.fabrary.io/cards/SEA136.webp,NPjFdzCwz8HKdGkcwLPmw,2,4,6,3,,,,"Pirate, Action, Attack","High Tide, Overpower",,,,,,"""When this hits a hero, destroy the top card of their deck.",,,,,,,57,21,5,8,23,0.11268515730655129,0.09605014619599597,0.20684143222506396,0.05723940198385714,0.17987489301343795,0.7582363511904764,0.762198275,0.7975172199921293,0.1651091622990118,0.12866817155756208,0.14628658542696046,0.11413043478260869,0.2811298068790965,0.21739130434782608,0.08417570698481751,0.06557377049180328,0.25887013001582493,0.20175438596491227,0.19261555732667485
Murderous Rabble (blue),rare,SEA137,https://prod-content.fabrary.io/cards/SEA137.webp,jDPCKWMC9wbhQHtDj8fzM,3,0,0,3,,,,"Pirate, Action, Attack",Go again,,,,,,"""When this attacks, reveal the top card of your deck. This gets +X{p}, where X is the pitch value of the card revealed this way.",,,,,,,32,12,3,8,9,0.06319187570785381,0.055844117344330105,0.12318840579710144,0.057552407581590956,0.06898207270995672,0.7582363511904764,0.762198275,0.43837784809130287,0.12201401558523481,0.07223476297968397,0.11223174855660237,0.06521739130434782,0.20117670341958788,0.13043478260869565,0.10993140098757308,0.06557377049180328,0.1330211443336655,0.07894736842105263,0.1390902493243572
Pilfer the Wreck (red),rare,SEA138,https://prod-content.fabrary.io/cards/SEA138.webp,pptHzNLNnz6wnCMFqBgG6,1,3,7,2,,,,"Pirate, Action, Attack",,,,,,,"When this hits a hero, you may turn a card in their graveyard face-down. If it's yellow, create a Gold token.",Pirate Action - Attack,,,,No,,47,19,7,16,5,0.09171336934359005,0.08729981490867882,0.28291870107726885,0.1129099495591908,0.03757642723697379,0.7582363511904764,0.762198275,0.7975172199921293,0.13614264259743078,0.10609480812641084,0.13235452967201183,0.10326086956521739,0.3935817296307351,0.30434782608695654,0.16835141396963502,0.13114754098360656,0.0562761152208315,0.043859649122807015,0.1876409471233034
Pilfer the Wreck (yellow),rare,SEA139,https://prod-content.fabrary.io/cards/SEA139.webp,frFC8JrBBcmKCbDTjLbKc,2,3,6,2,,,,"Pirate, Action, Attack",,,,,,,"When this hits a hero, you may turn a card in their graveyard face-down. If it's yellow, create a Gold token.",Pirate Action - Attack,,,,No,,31,7,7,11,6,0.05994294127684885,0.030498175521058813,0.2878965922444183,0.07660067819688181,0.04365047656252642,0.7582363511904764,0.762198275,0.7975172199921293,0.08979621107490116,0.06997742663656885,0.04876219514232015,0.03804347826086957,0.3935817296307351,0.30434782608695654,0.11574159710412407,0.09016393442622951,0.0675313382649978,0.05263157894736842,0.1564042150355443
Pilfer the Wreck (blue),rare,SEA140,https://prod-content.fabrary.io/cards/SEA140.webp,qMGgBkKkjCT6cFgJjqnwQ,3,3,5,2,,,,"Pirate, Action, Attack",,,,,,,"When this hits a hero, you may turn a card in their graveyard face-down. If it's yellow, create a Gold token.",Pirate Action - Attack,,,,No,,45,23,3,5,14,0.0869107231205296,0.10694719560208692,0.12648221343873517,0.0346376089203958,0.10252883468624058,0.7582363511904764,0.762198275,0.7975172199921293,0.13034933865711457,0.10158013544018059,0.16021864118190907,0.125,0.1686778841274579,0.13043478260869565,0.05260981686551094,0.040983606557377046,0.1575731226183282,0.12280701754385964,0.13476986619830153
Saltwater Swell (red),rare,SEA141,https://prod-content.fabrary.io/cards/SEA141.webp,c9hrdrfn8dNhkBcfQmqWn,1,1,3,3,,,,"Pirate, Action, Attack",Go again,,,,,,"""When this attacks, reveal the top card of your deck. If it's blue, pitch it.",,,,,,,35,19,1,2,13,0.06692776478277111,0.08772640006129541,0.03623188405797101,0.013878391409731817,0.09632320265060203,0.7582363511904764,0.762198275,0.7975172199921293,0.10138281895553355,0.07900677200902935,0.13235452967201183,0.10326086956521739,0.056225961375819304,0.043478260869565216,0.021043926746204377,0.01639344262295082,0.1463178995741619,0.11403508771929824,0.08898557934204936
Saltwater Swell (yellow),rare,SEA142,https://prod-content.fabrary.io/cards/SEA142.webp,rBz7GBhR7FPkbzKwRWmdp,2,1,2,3,,,,"Pirate, Action, Attack",Go again,,,,,,"""When this attacks, reveal the top card of your deck. If it's blue, pitch it.",,,,,,,42,16,5,9,12,0.081526438814997,0.07221226918528034,0.20684143222506396,0.06516325743569057,0.08878846067211717,0.7582363511904764,0.762198275,0.7975172199921293,0.12165938274664027,0.09480812641083522,0.11145644603958892,0.08695652173913043,0.2811298068790965,0.21739130434782608,0.09469767035791969,0.07377049180327869,0.1350626765299956,0.10526315789473684,0.15558664995165017
Saltwater Swell (blue),rare,SEA143,https://prod-content.fabrary.io/cards/SEA143.webp,DN8dWKrTLQzr6H9BJ8kcn,3,1,1,3,,,,"Pirate, Action, Attack",Go again,,,,,,"""When this attacks, reveal the top card of your deck. If it's blue, pitch it.",,,,,,,65,42,5,5,13,0.12304474044208163,0.19001628165177512,0.19168913158682976,0.03539549489404841,0.09490108586267133,0.7582363511904764,0.762198275,0.7975172199921293,0.18828237806027662,0.14672686230248308,0.2925731708539209,0.22826086956521738,0.2811298068790965,0.21739130434782608,0.05260981686551094,0.040983606557377046,0.1463178995741619,0.11403508771929824,0.19315767354317254
Divvy Up (blue),rare,SEA144,https://prod-content.fabrary.io/cards/SEA144.webp,wBNFNMMLnnBTDczrjjgRH,3,0,,3,,,,"Pirate, Action",,,,,,,"""Remove half the gold counters from Treasure Island, rounded up. If you are a Thief, instead remove all of them.",,,,,,,35,14,5,6,10,0.06764337612415135,0.06435613719283535,0.19168913158682976,0.04307992112355661,0.0742095261047925,0.7582363511904764,0.762198275,0.7975172199921293,0.10138281895553355,0.07900677200902935,0.0975243902846403,0.07608695652173914,0.2811298068790965,0.21739130434782608,0.06313178023861313,0.04918032786885246,0.112552230441663,0.08771929824561403,0.13858455196100322
Portside Exchange (blue),rare,SEA145,https://prod-content.fabrary.io/cards/SEA145.webp,PRkRJkPDTwbd7RLCKPkNt,3,0,,3,,,,"Pirate, Action",Go again,,,,,,"""Discard a card, then draw a card. If a yellow card is discarded this way, create a Gold token.",,,,,,,48,30,1,7,10,0.09229289815423722,0.13462984720787755,0.04207573632538569,0.052477855406026244,0.07670019036016267,0.7582363511904764,0.762198275,0.7975172199921293,0.13903929456758887,0.10835214446952596,0.20898083632422923,0.16304347826086957,0.056225961375819304,0.043478260869565216,0.07365374361171531,0.05737704918032787,0.112552230441663,0.08771929824561403,0.1128531929383567
Sea Floor Salvage (blue),rare,SEA146,https://prod-content.fabrary.io/cards/SEA146.webp,D6fPnQdQ7FKpWDB9ktTJ6,3,0,,3,,,,"Pirate, Action",Go again,,,,,,"""Turn a card in a graveyard face-down. If it's yellow, create a Gold token.",,,,,,,59,36,3,10,10,0.11411313814095957,0.16676613373109014,0.12391716855044964,0.06962502925522515,0.07476143108883046,0.7582363511904764,0.762198275,0.7975172199921293,0.170902466239328,0.13318284424379231,0.25077700358907506,0.1956521739130435,0.1686778841274579,0.13043478260869565,0.10521963373102187,0.08196721311475409,0.112552230441663,0.08771929824561403,0.15930668797230443
Scrub the Deck (blue),rare,SEA147,https://prod-content.fabrary.io/cards/SEA147.webp,rqcKnqMqChqrkHbDTPWPR,3,0,,3,,,,"Pirate, Action",Go again,,,,,,"""Destroy the top card of target hero's deck. If it's yellow, create a Gold token.",,,,,,,41,25,3,9,4,0.07893731928186913,0.11573301729414003,0.11807331628303495,0.06136847940126628,0.030453653493701435,0.7582363511904764,0.762198275,0.7975172199921293,0.11876273077648217,0.09255079006772009,0.1741506969368577,0.1358695652173913,0.1686778841274579,0.13043478260869565,0.09469767035791969,0.07377049180327869,0.0450208921766652,0.03508771929824561,0.12063678589972512
Shifting Tides (blue),rare,SEA148,https://prod-content.fabrary.io/cards/SEA148.webp,R7Q6MhPq9nCBT6DhbQMDL,3,0,,3,,,,"Pirate, Action, Aura",Go again,,,,,,"""**Go again**",,,,,,,50,26,4,7,13,0.09708588324382994,0.12180385766405329,0.15844104974539758,0.04771699357549228,0.09764490444277775,0.7582363511904764,0.762198275,0.7975172199921293,0.14483259850790509,0.11286681715575621,0.181116724814332,0.14130434782608695,0.22490384550327722,0.17391304347826086,0.07365374361171531,0.05737704918032787,0.1463178995741619,0.11403508771929824,0.15649805337587158
Not So Fast (yellow),rare,SEA149,https://prod-content.fabrary.io/cards/SEA149.webp,F7mqQWTKzmNmMfgmQbHFw,2,0,,,,,,"Pirate, Instant",Scurv Specialization,,,,,,"""**Scurv Specialization**",,,,,,,17,4,6,2,5,0.0333379435202821,0.01776860629835458,0.2471055743475511,0.013496856896339208,0.03657228657228657,0.7582363511904764,0.762198275,0.43837784809130287,0.064819945779656,0.03837471783295711,0.03741058285220079,0.021739130434782608,0.40235340683917575,0.2608695652173913,0.02748285024689327,0.01639344262295082,0.07390063574092527,0.043859649122807015,0.13528686891979877
Throw Caution to the Wind (blue),rare,SEA150,https://prod-content.fabrary.io/cards/SEA150.webp,QjCCMBLNTHkwzPqmjCTqN,3,0,,,,,,"Pirate, Instant",,,,,,,"Reveal the top card of your deck. The next time you would be dealt damage this turn, prevent X of that damage, where X is the pitch value of the card revealed this way.",Pirate Instant,,,,No,,36,24,2,5,5,0.06789623834198392,0.10842592275289552,0.08043890768088442,0.03454332552693208,0.03564283515807061,0.7582363511904764,0.762198275,0.7975172199921293,0.10427947092569166,0.08126410835214447,0.16718466905938337,0.13043478260869565,0.11245192275163861,0.08695652173913043,0.05260981686551094,0.040983606557377046,0.0562761152208315,0.043859649122807015,0.09713063097434109
Lost in Transit (yellow),rare,SEA151,https://prod-content.fabrary.io/cards/SEA151.webp,KddkfBmzB78rpH6j6CfBC,2,,,3,,,,"Pirate, Block",,,,,,,"When this defends, you may remove a gold counter from Treasure Island. If you do and you are a Thief, create a Gold token.",Pirate Block,,,,No,,52,23,11,9,9,0.09995877283395047,0.10300749243048844,0.4454654518954082,0.061921502173764395,0.06603709736347832,0.7582363511904764,0.762198275,0.7975172199921293,0.1506259024482213,0.11738148984198646,0.16021864118190907,0.125,0.6184855751340124,0.4782608695652174,0.09469767035791969,0.07377049180327869,0.1012970073974967,0.07894736842105263,0.24367472351783445
Battalion Barque (red),common,SEA152,https://prod-content.fabrary.io/cards/SEA152.webp,jBMwChDGmJjp7GrhnzdwQ,1,4,7,3,,,,"Pirate, Action, Attack",High Tide,,,,,,"High Tide - If there are 2 or more blue cards in your pitch zone, this gets +2{p}.",Pirate Action - Attack,,,,,,127,56,13,28,30,0.24863685215104186,0.2589453293780197,0.5284845525337234,0.19348256513282142,0.23456287055154587,2.3089612014652023,2.3229283450980396,2.111819011764706,0.12982713336181106,0.2866817155756208,0.1383221198795853,0.30434782608695654,0.2517393871708455,0.5652173913043478,0.10377302815743465,0.22950819672131148,0.11908947423505643,0.2631578947368421,0.15323100236073045
Battalion Barque (yellow),common,SEA153,https://prod-content.fabrary.io/cards/SEA153.webp,gPkmHM8hGHGdkDTfCdbDP,2,4,6,3,,,,"Pirate, Action, Attack",High Tide,,,,,,"High Tide - If there are 2 or more blue cards in your pitch zone, this gets +2{p}.",Pirate Action - Attack,,,,,,121,69,7,24,21,0.23214165814826548,0.3182939212637969,0.28022693099831947,0.16814987461140765,0.15186990290868407,2.3089612014652023,2.3229283450980396,2.111819011764706,0.12369356800613494,0.27313769751693,0.170432611994489,0.375,0.13555197770737834,0.30434782608695654,0.0889483098492297,0.19672131147540983,0.0833626319645395,0.18421052631578946,0.11957388287890913
Battalion Barque (blue),common,SEA154,https://prod-content.fabrary.io/cards/SEA154.webp,CKgkPBMkGRkNzrDbdRttC,3,4,5,3,,,,"Pirate, Action, Attack",High Tide,,,,,,"High Tide - If there are 2 or more blue cards in your pitch zone, this gets +2{p}.",Pirate Action - Attack,,,,,,120,55,9,25,31,0.23221178113476396,0.25520744068924245,0.37043663889118056,0.1741023102855692,0.22939583689950319,2.3089612014652023,2.3229283450980396,2.111819011764706,0.12267130711352227,0.2708803611738149,0.1358520820245927,0.29891304347826086,0.17428111419520073,0.391304347826087,0.09265448942628093,0.20491803278688525,0.12305912337622497,0.2719298245614035,0.13146170225557482
Expedition to Azuro Keys (red),common,SEA155,https://prod-content.fabrary.io/cards/SEA155.webp,LhN9jPcQHGJ796r79BqGR,1,0,4,2,,,,"Pirate, Action, Attack",,,,,,,"When this attacks, you may put a gold counter on Treasure Island.",Pirate Action - Attack,,,,,,100,26,15,29,30,0.19350568892050962,0.11841730471319752,0.6221118202338811,0.2015287347517846,0.2196417422759691,2.3089612014652023,2.3229283450980396,2.111819011764706,0.10222608926126855,0.22573363431151242,0.06422098422980746,0.14130434782608695,0.2904685236586679,0.6521739130434783,0.1074792077344859,0.23770491803278687,0.11908947423505643,0.2631578947368421,0.1453145474645044
Expedition to Blackwater Strait (red),common,SEA156,https://prod-content.fabrary.io/cards/SEA156.webp,qpnnMW6TWQPQqMLqrbD8d,1,1,5,2,,,,"Pirate, Action, Attack",,,,,,,"When this attacks, you may put a gold counter on Treasure Island.",Pirate Action - Attack,,,,,,93,27,15,31,20,0.18054995400969337,0.12192071938925485,0.6080998604975588,0.21624428070622817,0.1507203352725227,2.3089612014652023,2.3229283450980396,2.111819011764706,0.09507026301297976,0.20993227990970656,0.06669102208480004,0.14673913043478262,0.2904685236586679,0.6521739130434783,0.11489156688858837,0.2540983606557377,0.07939298282337096,0.17543859649122806,0.13786102386385682
Expedition to Dreadfall Reach (red),common,SEA157,https://prod-content.fabrary.io/cards/SEA157.webp,nDzNGcF9bfPwfHrztkHdL,1,2,6,2,,,,"Pirate, Action, Attack",,,,,,,"When this attacks, you may put a gold counter on Treasure Island.",Pirate Action - Attack,,,,,,109,44,17,22,26,0.20988997792266242,0.19976929664502266,0.6840302433333124,0.15260233181389024,0.19187306630784715,2.3089612014652023,2.3229283450980396,2.111819011764706,0.11142643729478272,0.24604966139954854,0.10868166561967416,0.2391304347826087,0.32919766014649027,0.7391304347826086,0.08153595069512723,0.18032786885245902,0.10321087767038224,0.22807017543859648,0.15565653853291847
Expedition to Horizon's Mantle (red),common,SEA158,https://prod-content.fabrary.io/cards/SEA158.webp,bMq9wnBF99pzRHDq6qNFR,1,3,7,2,,,,"Pirate, Action, Attack",,,,,,,"When this attacks, you may put a gold counter on Treasure Island.",Pirate Action - Attack,,,,,,103,48,10,24,21,0.19753640917317455,0.22091497410800395,0.38462391419552544,0.16747518577030585,0.15422764331025696,2.3089612014652023,2.3229283450980396,2.111819011764706,0.10529287193910661,0.2325056433408578,0.11856181703964452,0.2608695652173913,0.19364568243911193,0.43478260869565216,0.0889483098492297,0.19672131147540983,0.0833626319645395,0.18421052631578946,0.12112961032313141
Golden Tipple (red),common,SEA159,https://prod-content.fabrary.io/cards/SEA159.webp,6CpcdCrJKFkpkdkdLPQqT,1,1,3,2,,,,"Pirate, Action, Attack",Go again,,,,,,"""When this attacks, you may discard a yellow card. If you do, draw a card and create a Gold token.",,,,,,,108,42,7,15,44,0.20778276872842638,0.1913363513131641,0.28499670619235834,0.10550713731066978,0.32820248167320015,2.3089612014652023,2.3229283450980396,2.111819011764706,0.11040417640217004,0.24379232505643342,0.10374158990968896,0.22826086956521738,0.13555197770737834,0.30434782608695654,0.05559269365576856,0.12295081967213115,0.1746645622114161,0.38596491228070173,0.11738770587106298
Golden Tipple (yellow),common,SEA160,https://prod-content.fabrary.io/cards/SEA160.webp,8QrD8rDCQWm78C9fq7tpr,2,1,2,2,,,,"Pirate, Action, Attack",Go again,,,,,,"""When this attacks, you may discard a yellow card. If you do, draw a card and create a Gold token.",,,,,,,106,60,2,16,28,0.1996703027593681,0.2728316723189965,0.07459505541346974,0.10974332770505943,0.2030574049226117,2.3089612014652023,2.3229283450980396,2.111819011764706,0.10835965461694466,0.23927765237020315,0.14820227129955565,0.32608695652173914,0.038729136487822384,0.08695652173913043,0.0592988732328198,0.13114754098360656,0.11115017595271934,0.24561403508771928,0.0893451142432293
Golden Tipple (blue),common,SEA161,https://prod-content.fabrary.io/cards/SEA161.webp,QctzddqGNk8RgCTBMWPMN,3,1,1,2,,,,"Pirate, Action, Attack",Go again,,,,,,"""When this attacks, you may discard a yellow card. If you do, draw a card and create a Gold token.",,,,,,,189,153,8,11,17,0.3602572040738285,0.6968293636812395,0.32683165283095156,0.07904060520889175,0.12471277751544982,2.3089612014652023,2.3229283450980396,3.0618110117647066,0.15780614186099892,0.42663656884875845,0.30493195821008007,0.8315217391304348,0.13504242288849513,0.34782608695652173,0.033463217933049724,0.09016393442622951,0.055201802188433104,0.14912280701754385,0.1321598503050145
Gold Hunter Lightsail (yellow),common,SEA162,https://prod-content.fabrary.io/cards/SEA162.webp,NrW7LgbzfgBGPCwhBRkKL,2,1,4,2,,,,"Pirate, Action, Attack",,,,,,,"When this attacks, if you control less Gold than an opponent, this gets **go again**.",Pirate Action - Attack,,,,,,89,21,15,32,21,0.171315730008677,0.09314819068823645,0.5899360966857461,0.2200970462378323,0.16081781967035744,2.3089612014652023,2.3229283450980396,2.111819011764706,0.09098121944252902,0.20090293453724606,0.05187079495484448,0.11413043478260869,0.2904685236586679,0.6521739130434783,0.1185977464656396,0.26229508196721313,0.0833626319645395,0.18421052631578946,0.13607492426092285
Gold Hunter Longboat (yellow),common,SEA163,https://prod-content.fabrary.io/cards/SEA163.webp,FMtqqPTBz8J7KdLNCbzcb,2,0,3,2,,,,"Pirate, Action, Attack",,,,,,,"If you control less Gold than an opponent, this gets +2{p}.",Pirate Action - Attack,,,,,,94,31,10,23,30,0.18895161671186583,0.14543020771628748,0.41485507246376807,0.1593017109229742,0.24535028582710686,2.3089612014652023,2.3229283450980396,2.111819011764706,0.09609252390559243,0.21218961625282168,0.07657117350477043,0.16847826086956522,0.19364568243911193,0.43478260869565216,0.08524213027217846,0.1885245901639344,0.11908947423505643,0.2631578947368421,0.11863711511277931
Gold Hunter Marauder (yellow),common,SEA164,https://prod-content.fabrary.io/cards/SEA164.webp,KgPDCHhKBMbLfN6c8kwBJ,2,3,6,2,,,,"Pirate, Action, Attack",Overpower,,,,,,"If you control less Gold than an opponent, this gets **overpower**.",Pirate Action - Attack,,,,,,91,37,6,26,22,0.17869235908895234,0.17206010208652972,0.2345917616058281,0.18061490612624964,0.17606164235217517,2.3089612014652023,2.3229283450980396,2.111819011764706,0.09302574122775438,0.2054176072234763,0.09139140063472599,0.20108695652173914,0.11618740946346715,0.2608695652173913,0.09636066900333218,0.21311475409836064,0.08733228110570805,0.19298245614035087,0.09781794005180834
Gold Hunter Ketch (yellow),common,SEA165,https://prod-content.fabrary.io/cards/SEA165.webp,Kjjm76jCB6TCdfprGprtD,2,4,7,2,,,,"Pirate, Action, Attack",,,,,,,"If you control less Gold than an opponent, this costs {r}{r} less to play.",Pirate Action - Attack,,,,,,108,39,10,30,29,0.20963717241522084,0.17878527199263503,0.38347186700767255,0.20884150337972526,0.2252128156122372,2.3089612014652023,2.3229283450980396,2.111819011764706,0.11040417640217004,0.24379232505643342,0.09633147634471118,0.21195652173913043,0.19364568243911193,0.43478260869565216,0.11118538731153713,0.2459016393442623,0.11511982509388788,0.2543859649122807,0.12907059279731203
Swiftwater Sloop (red),common,SEA166,https://prod-content.fabrary.io/cards/SEA166.webp,wB9MNr6JNzqKB68gBhbQc,1,2,6,2,,,,"Pirate, Action, Attack",High Tide,,,,,,"High Tide - If there are 2 or more blue cards in your pitch zone, this gets **go again**.",Pirate Action - Attack,,,,,,141,69,14,26,32,0.26976969121992916,0.3078057819025336,0.5697899713244982,0.1834202336663891,0.24025676747894442,2.3089612014652023,2.3229283450980396,2.111819011764706,0.14413878585838866,0.3182844243792325,0.170432611994489,0.375,0.2711039554147567,0.6086956521739131,0.09636066900333218,0.21311475409836064,0.12702877251739353,0.2807017543859649,0.16623150223249283
Swiftwater Sloop (yellow),common,SEA167,https://prod-content.fabrary.io/cards/SEA167.webp,9H8LCJNgGQJCRNPLFKqPN,2,2,5,2,,,,"Pirate, Action, Attack",High Tide,,,,,,"High Tide - If there are 2 or more blue cards in your pitch zone, this gets **go again**.",Pirate Action - Attack,,,,,,106,58,13,13,22,0.2039206440171837,0.26461803650290155,0.5307139707715155,0.08963725111488141,0.16232421595893162,2.3089612014652023,2.3229283450980396,2.111819011764706,0.10835965461694466,0.23927765237020315,0.14326219558957048,0.31521739130434784,0.2517393871708455,0.5652173913043478,0.04818033450166609,0.10655737704918032,0.08733228110570805,0.19298245614035087,0.13262854959194753
Swiftwater Sloop (blue),common,SEA168,https://prod-content.fabrary.io/cards/SEA168.webp,QgnRKmWk6WG8RhnhRTkNB,3,2,4,2,,,,"Pirate, Action, Attack",High Tide,,,,,,"High Tide - If there are 2 or more blue cards in your pitch zone, this gets **go again**.",Pirate Action - Attack,,,,,,166,99,14,28,25,0.31747535554089545,0.44838934089135046,0.5698890355581223,0.19547326451573271,0.1858136639636151,2.3089612014652023,2.3229283450980396,3.0618110117647066,0.13860221983558635,0.3747178329571106,0.19730891413593418,0.5380434782608695,0.2363242400548665,0.6086956521739131,0.08517910019321749,0.22950819672131148,0.08117912086534279,0.21929824561403508,0.14999784381234021
Swindler's Grift (red),common,SEA169,https://prod-content.fabrary.io/cards/SEA169.webp,PFgWLDKNLrPHmLFFFJC7W,1,2,6,2,,,,"Pirate, Action, Attack",,,,,,,"When this attacks, you may discard a yellow card. If you do, draw a card and create a Gold token.",Pirate Action - Attack,,,,,,97,47,8,18,24,0.18542258399233824,0.21491039585414315,0.30720787613783235,0.12519485111698225,0.17771174459650496,2.3089612014652023,2.3229283450980396,2.111819011764706,0.0991593065834305,0.21896162528216703,0.11609177918465194,0.2554347826086957,0.15491654595128954,0.34782608695652173,0.06671123238692228,0.14754098360655737,0.09527157938804515,0.21052631578947367,0.10824778422772723
Swindler's Grift (yellow),common,SEA170,https://prod-content.fabrary.io/cards/SEA170.webp,kWhWddrDGGh6fpqFrFB6j,2,2,5,2,,,,"Pirate, Action, Attack",,,,,,,"When this attacks, you may discard a yellow card. If you do, draw a card and create a Gold token.",Pirate Action - Attack,,,,,,101,43,10,20,28,0.19511485111924878,0.1950966468835427,0.41943734015345274,0.134972249882323,0.21424932201826846,2.3089612014652023,2.3229283450980396,2.111819011764706,0.10324835015388124,0.22799097065462753,0.10621162776468156,0.23369565217391305,0.19364568243911193,0.43478260869565216,0.07412359154102476,0.16393442622950818,0.11115017595271934,0.24561403508771928,0.1212827694243844
Swindler's Grift (blue),common,SEA171,https://prod-content.fabrary.io/cards/SEA171.webp,gdgW96DqcRG69KdjcLBjr,3,2,4,2,,,,"Pirate, Action, Attack",,,,,,,"When this attacks, you may discard a yellow card. If you do, draw a card and create a Gold token.",Pirate Action - Attack,,,,,,109,46,11,27,25,0.20965983779494088,0.21077177737941302,0.4463074936581661,0.18549117515486852,0.18598513493258875,2.3089612014652023,2.3229283450980396,2.111819011764706,0.11142643729478272,0.24604966139954854,0.11362174132965934,0.25,0.21301025068302312,0.4782608695652174,0.10006684858038342,0.22131147540983606,0.09924122852921369,0.21929824561403508,0.13148501728056988
Thiev'n Varmints (red),common,SEA172,https://prod-content.fabrary.io/cards/SEA172.webp,mGJzBdWQ7W7FHH6QnLzNj,1,0,4,3,,,,"Pirate, Action, Attack",,,,,,,"When this attacks, you may remove a gold counter from Treasure Island. If you do and you are a Thief, create a Gold token.",Pirate Action - Attack,,,,,,145,39,34,36,36,0.28549096175277777,0.17965739397300923,1.3980471136285424,0.2510014261492463,0.26875682422616154,2.3089612014652023,2.3229283450980396,3.0618110117647066,0.12106820407325314,0.327313769751693,0.07772775405354983,0.21195652173913043,0.5739302972761043,1.4782608695652173,0.1095159859627082,0.29508196721311475,0.11689793404609362,0.3157894736842105,0.21951799283461398
Chart a Course (red),common,SEA173,https://prod-content.fabrary.io/cards/SEA173.webp,MnFBFMRFhmwWQLLKQFJQc,1,0,,2,,,,"Pirate, Action",Go again,,,,,,"""Your first attack this turn gets +3{p}.",,,,,,,123,20,13,42,48,0.23909279776015296,0.0934362894844839,0.5248454305720621,0.29637679404734296,0.3552317400497332,2.3089612014652023,2.3229283450980396,2.111819011764706,0.1257380897913603,0.27765237020316025,0.04940075709985189,0.10869565217391304,0.2517393871708455,0.5652173913043478,0.15565954223615197,0.3442622950819672,0.1905431587760903,0.42105263157894735,0.1618357113207349
Chart a Course (yellow),common,SEA174,https://prod-content.fabrary.io/cards/SEA174.webp,Rwgrgc7rDQbtj6KhkfjTb,2,0,,2,,,,"Pirate, Action",Go again,,,,,,"""Your second attack this turn gets +3{p}.",,,,,,,117,16,19,47,35,0.22499794144410487,0.07107392962656119,0.7602633003847837,0.3241715302587549,0.25931142463186996,2.3089612014652023,2.3229283450980396,2.111819011764706,0.1196045244356842,0.26410835214446954,0.03952060567988151,0.08695652173913043,0.36792679663431266,0.8260869565217391,0.17419044012140816,0.38524590163934425,0.13893771994089918,0.30701754385964913,0.1801438905941254
Chart a Course (blue),common,SEA175,https://prod-content.fabrary.io/cards/SEA175.webp,jmdFFT8D6MhJWJLRbz6dt,3,0,,2,,,,"Pirate, Action",Go again,,,,,,"""Your third attack this turn gets +3{p}.",,,,,,,101,53,9,25,14,0.19498731440007996,0.24594568779400933,0.35423588240496917,0.1737201960565789,0.1033691623764989,2.3089612014652023,2.3229283450980396,2.111819011764706,0.10324835015388124,0.22799097065462753,0.1309120063146075,0.28804347826086957,0.17428111419520073,0.391304347826087,0.09265448942628093,0.20491803278688525,0.05557508797635967,0.12280701754385964,0.1133556744781122
Mutiny on the Battalion Barque (blue),common,SEA176,https://prod-content.fabrary.io/cards/SEA176.webp,6TFrJmTqf9DjPmgPrmd8m,3,0,,2,,,,"Pirate, Action","Go again, Steal",,,,,,"""For each hero that controls more Gold than you, **steal** a Gold token they control.",,,,,,,154,86,7,30,31,0.29751232327322275,0.39487584115149116,0.27419011082693945,0.21517527187580776,0.2331846378973272,2.3089612014652023,2.3229283450980396,3.0618110117647066,0.12858278225711023,0.3476297968397291,0.1713996627847509,0.4673913043478261,0.11816212002743325,0.30434782608695654,0.09126332163559016,0.2459016393442623,0.10066210987302507,0.2719298245614035,0.12037180358019983
Mutiny on the Nimbus Sovereign (blue),common,SEA177,https://prod-content.fabrary.io/cards/SEA177.webp,JnzNgM8krkHCW67dfWJLP,3,0,,2,,,,"Pirate, Action","Go again, Steal",,,Overpower,,,"""For each hero that controls more Gold than you, **steal** a Gold token they control.",,,,,,,138,83,10,22,23,0.2661341464482735,0.37959373285986076,0.3893157192750873,0.151530830615234,0.18079962414022213,2.3089612014652023,2.3229283450980396,3.0618110117647066,0.1152235321524754,0.3115124153498871,0.1654206047806317,0.45108695652173914,0.16880302861061894,0.43478260869565216,0.06692643586609945,0.18032786885245902,0.07468479119611537,0.20175438596491227,0.11895871511336636
Mutiny on the Swiftwater (blue),common,SEA178,https://prod-content.fabrary.io/cards/SEA178.webp,JwdBp6DFwFkG9npJ78jbK,3,0,,2,,,,"Pirate, Action","Go again, Steal",,,Go again,,,"""For each hero that controls more Gold than you, **steal** a Gold token they control.",,,,,,,168,105,9,28,26,0.32151595404755656,0.4793664783447765,0.3583557982534964,0.1917419930460457,0.19818797470334026,2.3089612014652023,2.3229283450980396,3.0618110117647066,0.1402721260986657,0.3792325056433409,0.2092670301441726,0.5706521739130435,0.15192272574955704,0.391304347826087,0.08517910019321749,0.22950819672131148,0.08442628569995651,0.22807017543859648,0.13269878544672592
Bandana of the Blue Beyond,common,SEA179,https://prod-content.fabrary.io/cards/SEA179.webp,rFtnRCDzmJrrJwfJfWnFC,,,,0,,,,"Generic, Equipment, Head",,Action,Go again,,,,"**Action** - Discard a card, destroy this: Put a blue card from your graveyard on the bottom of your deck. **Go again**",Generic Equipment - Head,,,,,,64,31,3,11,19,,,,,,1.6660106666666663,1.6660106666666663,1.7493112000000002,0.08451241929668309,0.14446952595936793,0.09839938573593059,0.16847826086956522,0.07695336576784315,0.13043478260869565,0.05277856740912024,0.09016393442622951,0.09751593678319243,0.16666666666666666,0.0814118139240216
Helmsman's Peak,common,SEA180,https://prod-content.fabrary.io/cards/SEA180.webp,PMh8LjJm6jmBKfm8FqfkW,,,,1,,,,"Generic, Equipment, Head",Blade Break,,,,,,"""When this defends, look at the top card of your deck.",,,,,,,86,23,5,34,24,,,,,,1.6660106666666663,1.6660106666666663,1.4994096000000001,0.12293478865698781,0.19413092550790068,0.07943287582710622,0.125,0.13518834526783258,0.21739130434782608,0.17623516927143354,0.2786885245901639,0.1332624428468107,0.21052631578947367,0.13102970830329574
Captain's Coat,common,SEA181,https://prod-content.fabrary.io/cards/SEA181.webp,hmr8mCTP6dhctND9KcFjp,,,,0,,,,"Generic, Equipment, Chest",,Action,Go again,,,,**Action** - Destroy this: Gain {r}. Activate this only if you've drawn a card this turn. **Go again**,Generic Equipment - Chest,,,,,,81,45,2,15,19,,,,,,1.6660106666666663,1.6660106666666663,1.7493112000000002,0.10696103067236454,0.18284424379232506,0.1428378180037702,0.24456521739130435,0.051302243845228766,0.08695652173913043,0.07197077373970942,0.12295081967213115,0.09751593678319243,0.16666666666666666,0.09090669309297521
Old Knocker,common,SEA182,https://prod-content.fabrary.io/cards/SEA182.webp,KTh89nLtmJWQcQQJPwgDW,,,,1,,,,"Generic, Equipment, Chest",Blade Break,Instant,,,,,"""**Instant** - {t} your hero, destroy this: Gain {r}",,,,,,,98,45,5,10,38,,,,,,1.6660106666666663,1.6660106666666663,1.7493112000000002,0.12940964204804598,0.22121896162528218,0.1428378180037702,0.24456521739130435,0.12825560961307192,0.21739130434782608,0.04798051582647295,0.08196721311475409,0.19503187356638485,0.3333333333333333,0.12852645425242498
Swiftstrike Bracers,common,SEA183,https://prod-content.fabrary.io/cards/SEA183.webp,69mRCnm9t6Dcjkk9H8RhG,,,,0,,,,"Generic, Equipment, Arms",,Action,Go again,,,,**Action** - Destroy this: Your next attack this turn gets +2{p}. Activate this only if you've played a Nimblism this turn. **Go again**,Generic Equipment - Arms,,,,,,77,17,6,34,20,,,,,,1.6660106666666663,1.6660106666666663,1.7493112000000002,0.10167900446632185,0.17381489841986456,0.05396095346809097,0.09239130434782608,0.1539067315356863,0.2608695652173913,0.16313375381000803,0.2786885245901639,0.1026483545086236,0.17543859649122806,0.11841244833060222
Light Fingers,common,SEA184,https://prod-content.fabrary.io/cards/SEA184.webp,QCpd7ctKhtN7LCP8FqkmP,,,,1,,,,"Generic, Equipment, Arms",Blade Break,,,,,,"""When this defends, if you are a Thief, **steal** a Gold token the attacking hero controls.",,,,,,,69,16,9,30,14,,,,,,1.6660106666666663,1.6660106666666663,1.4994096000000001,0.09863372578293209,0.15575620767494355,0.05525765274929128,0.08695652173913043,0.24333902148209863,0.391304347826087,0.15550161994538253,0.2459016393442623,0.07773642499397292,0.12280701754385964,0.13295867979268633
Quartermaster's Boots,common,SEA185,https://prod-content.fabrary.io/cards/SEA185.webp,KbcGqTJFnNLmLWMpfzPbT,,,,1,,,,"Generic, Equipment, Legs",Blade Break,Action,Go again,,,,"""**Action** - {r}{r}, destroy this: The next non-attack action card you play this turn gets **go again**. **Go again**",,,,,,,98,62,3,8,25,,,,,,1.6660106666666663,1.6660106666666663,1.7493112000000002,0.12940964204804598,0.22121896162528218,0.19679877147186117,0.33695652173913043,0.07695336576784315,0.13043478260869565,0.03838441266117836,0.06557377049180328,0.1283104431357795,0.21929824561403508,0.11011174825916555
Quick Clicks,common,SEA186,https://prod-content.fabrary.io/cards/SEA186.webp,BzRFcMpm9fmqgDPNdCRQ9,,,,0,,,,"Generic, Equipment, Legs",,Action,Go again,,,,**Action** - Destroy this: Your next attack this turn gets **go again**. Activate this only if you've played a Nimblism this turn. **Go again**,Generic Equipment - Legs,,,,,,76,18,9,19,30,,,,,,1.6660106666666663,1.6660106666666663,1.7493112000000002,0.10035849791481118,0.17155756207674944,0.05713512720150808,0.09782608695652174,0.23086009730352947,0.391304347826087,0.0911629800702986,0.1557377049180328,0.1539725317629354,0.2631578947368421,0.1332826840845679
Sea Legs (yellow),mythic,SEA187,https://prod-content.fabrary.io/cards/SEA187.webp,q6JzqgbQgM8DB8tgcfc6B,2,3,6,3,,,,"Generic, Action, Attack",,,,,,,"When this is discarded, create a Goldkiss Rum token.",Generic Action - Attack,,,,No,,16,9,1,3,3,0.03136636859598646,0.0414986360352493,0.04207573632538569,0.02111276701440636,0.023825024090304226,0.16806472727272725,0.1711010909090909,0.18980700478468898,0.2008297593803881,0.03611738148984198,0.27136294999360605,0.04891304347826087,0.24608007625590625,0.043478260869565216,0.13681246193373264,0.02459016393442623,0.14625578145605156,0.02631578947368421,0.20012781740982413
Midas Touch (yellow),mythic,SEA188,https://prod-content.fabrary.io/cards/SEA188.webp,mFpKJrtphdgPmTDK7T7PJ,2,1,,3,,,,"Generic, Action",Go again,,,,,,"""Destroy target ally. Its controller creates Gold tokens equal to its cost.",,,,,,,11,1,0,7,3,0.02153072961232568,0.004406580493537015,0.0,0.05004470219634153,0.022998673153471916,0.16806472727272725,0.1711010909090909,0.18980700478468898,0.13807045957401684,0.024830699774266364,0.030151438888178454,0.005434782608695652,0.0,0.0,0.3192290778453762,0.05737704918032787,0.14625578145605156,0.02631578947368421,0.12390907454740155
Amethyst Amulet (blue),mythic,SEA189,https://prod-content.fabrary.io/cards/SEA189.webp,rnCGHPJFzCqjPfbkJTKHM,3,0,,,,,,"Generic, Action, Item","Legendary, Watery Grave",Instant,,,,,"""**Instant** - Destroy this: Your next attack this turn gets +2{p}.",,,,,,,16,16,0,0,0,0.02960731202419942,0.07128282188434969,0.0,0.0,0.0,0.16806472727272725,0.1711010909090909,0.11008532057416269,0.26120846116120855,0.03611738148984198,0.6391230913154609,0.08695652173913043,0.0,0.0,0.0,0.0,0.0,0.0,0.15978077282886521
Diamond Amulet (blue),mythic,SEA190,https://prod-content.fabrary.io/cards/SEA190.webp,KKLmtWbhTRtcffWGpz7CN,3,0,,,,,,"Generic, Action, Item","Legendary, Watery Grave",Instant,,,,,"""**Instant** - Destroy this: gain 1 action point.",,,,,,,10,9,0,1,0,0.01902556985189123,0.04086541595270057,0.0,0.00745156482861401,0.0,0.16806472727272725,0.1711010909090909,0.11008532057416269,0.16325528822575536,0.022573363431151242,0.3595067388649467,0.04891304347826087,0.0,0.0,0.058875192036509746,0.00819672131147541,0.0,0.0,0.10459548272536412
Onyx Amulet (blue),mythic,SEA191,https://prod-content.fabrary.io/cards/SEA191.webp,hpQCHKmzQGrjhJFJR8pBP,3,0,,,,,,"Generic, Action, Item","Legendary, Watery Grave",Action,Go again,,,,"""**Action** - Destroy this: {t} all heroes and allies. **Go again**",,,,,,,7,5,0,1,1,0.013235979956556974,0.02302807333902779,0.0,0.00702576112412178,0.0067476383265856945,0.16806472727272725,0.1711010909090909,0.11008532057416269,0.11427870175802875,0.01580135440180587,0.1997259660360815,0.02717391304347826,0.0,0.0,0.058875192036509746,0.00819672131147541,0.0632573875106711,0.008771929824561403,0.0804646363958156
Opal Amulet (blue),mythic,SEA192,https://prod-content.fabrary.io/cards/SEA192.webp,rdG6zR6dgDWwzw9KKtq78,3,0,,,,,,"Generic, Action, Item","Legendary, Watery Grave",Instant,Opt 2,,,,"""**Instant** - Destroy this: **Opt 2**",,,,,,,9,8,0,1,0,0.016531400306533266,0.03572505617279476,0.0,0.006147540983606557,0.0,0.16806472727272725,0.1711010909090909,0.11008532057416269,0.14692975940317982,0.020316027088036117,0.31956154565773043,0.043478260869565216,0.0,0.0,0.058875192036509746,0.00819672131147541,0.0,0.0,0.09460918442356005
Pearl Amulet (blue),mythic,SEA193,https://prod-content.fabrary.io/cards/SEA193.webp,rKb97mmPGtmm9R9dMDW8d,3,0,,,,,,"Generic, Action, Item","Legendary, Watery Grave",Action,Go again,,,,"""**Action** - Destroy this: {u} target permanent. **Go again**",,,,,,,6,5,0,1,0,0.0115958975275949,0.02351180322779201,0.0,0.00664599025254763,0.0,0.16806472727272725,0.1711010909090909,0.11008532057416269,0.0979531729354532,0.013544018058690745,0.1997259660360815,0.02717391304347826,0.0,0.0,0.058875192036509746,0.00819672131147541,0.0,0.0,0.06465028951814782
Platinum Amulet (blue),mythic,SEA194,https://prod-content.fabrary.io/cards/SEA194.webp,QmBfhgrGL6JDrhkn6ccg8,3,0,,,,,,"Generic, Action, Item","Legendary, Watery Grave",Instant,,,,,"""**Instant** - Destroy this: Target defending card gets +1{d} until end of turn.",,,,,,,6,5,0,1,0,0.01106495823944405,0.02184469325487632,0.0,0.007232401157184185,0.0,0.16806472727272725,0.1711010909090909,0.11008532057416269,0.0979531729354532,0.013544018058690745,0.1997259660360815,0.02717391304347826,0.0,0.0,0.058875192036509746,0.00819672131147541,0.0,0.0,0.06465028951814782
Pounamu Amulet (blue),mythic,SEA195,https://prod-content.fabrary.io/cards/SEA195.webp,cGJkkqNfjfkwKDkcqwMBk,3,0,,,,,,"Generic, Action, Item","Legendary, Watery Grave",Action,Go again,,,,"""**Action** - Destroy this: Gain 2{h}. **Go again**",,,,,,,7,6,0,1,0,0.013149765628991847,0.026718778611698257,0.0,0.00745156482861401,0.0,0.16806472727272725,0.1711010909090909,0.11008532057416269,0.11427870175802875,0.01580135440180587,0.23967115924329782,0.03260869565217391,0.0,0.0,0.058875192036509746,0.00819672131147541,0.0,0.0,0.07463658781995189
Ruby Amulet (blue),mythic,SEA196,https://prod-content.fabrary.io/cards/SEA196.webp,chPNcp7C8zz7FFPhLkMrh,3,0,,,,,,"Generic, Action, Item","Legendary, Watery Grave",Instant,,,,,"""**Instant** - Destroy this: Gain {r}{r}",,,,,,,6,5,0,0,1,0.011889280274690751,0.02318995196569567,0.0,0.0,0.008771929824561403,0.16806472727272725,0.1711010909090909,0.11008532057416269,0.0979531729354532,0.013544018058690745,0.1997259660360815,0.02717391304347826,0.0,0.0,0.0,0.0,0.0632573875106711,0.008771929824561403,0.06574583838668815
Sapphire Amulet (blue),mythic,SEA197,https://prod-content.fabrary.io/cards/SEA197.webp,8n9Fkr9DLNbMhKJRJTkLL,3,0,,,,,,"Generic, Action, Item","Legendary, Watery Grave",Action,,,,,"""**Action** - Destroy this: You get +1{i} this turn.",,,,,,,10,7,0,1,2,0.019726355581391887,0.033046507590198615,0.0,0.00702576112412178,0.01579890586681758,0.16806472727272725,0.1711010909090909,0.11008532057416269,0.16325528822575536,0.022573363431151242,0.27961635245051414,0.03804347826086957,0.0,0.0,0.058875192036509746,0.00819672131147541,0.1265147750213422,0.017543859649122806,0.11625157987709153
Crash Down the Gates (red),rare,SEA198,https://prod-content.fabrary.io/cards/SEA198.webp,78qm8bGbrcGwf7chnPrqj,1,3,6,2,,,,"Generic, Action, Attack",,,,,,,"""When this attacks a hero, they reveal the top card of their deck. If this has {p} greater than the revealed card, this gets +2{p}.",,,,,,,46,13,0,17,16,0.08778870810619906,0.059225022432228054,0.0,0.11677750090709207,0.12058016186711384,0.7582363511904764,0.762198275,0.7975172199921293,0.1332459906272727,0.1038374717832957,0.090558362407166,0.07065217391304347,0.0,0.0,0.1788733773427372,0.13934426229508196,0.1800835687066608,0.14035087719298245,0.112378827114141
Crash Down the Gates (yellow),rare,SEA199,https://prod-content.fabrary.io/cards/SEA199.webp,rkBTWR7wJGdbpzMDC8CfT,2,3,5,2,,,,"Generic, Action, Attack",,,,,,,"""When this attacks a hero, they reveal the top card of their deck. If this has {p} greater than the revealed card, this gets +2{p}.",,,,,,,36,13,2,9,12,0.06860898991627071,0.05881976971941132,0.08184143222506393,0.06228228116392355,0.0885101198365008,0.7582363511904764,0.762198275,0.7975172199921293,0.10427947092569166,0.08126410835214447,0.090558362407166,0.07065217391304347,0.11245192275163861,0.08695652173913043,0.09469767035791969,0.07377049180327869,0.1350626765299956,0.10526315789473684,0.10819265801167997
Crash Down the Gates (blue),rare,SEA200,https://prod-content.fabrary.io/cards/SEA200.webp,6cNDdMzwq6KHcHjFdmmHT,3,3,4,2,,,,"Generic, Action, Attack",,,,,,,"""When this attacks a hero, they reveal the top card of their deck. If this has {p} greater than the revealed card, this gets +2{p}.",,,,,,,36,13,3,13,7,0.06800193021181358,0.05759711054838259,0.12136712392466868,0.08846884013736778,0.05212582803425234,0.7582363511904764,0.762198275,0.7975172199921293,0.10427947092569166,0.08126410835214447,0.090558362407166,0.07065217391304347,0.1686778841274579,0.13043478260869565,0.13678552385032844,0.10655737704918032,0.0787865613091641,0.06140350877192982,0.11870208292352911
Jack Be Nimble (red),rare,SEA201,https://prod-content.fabrary.io/cards/SEA201.webp,JfdLrjqqCPgLQkrhtFqcz,1,0,3,3,,,,"Generic, Action, Attack","Go again, Steal",,,,,,"""When this attacks, you may banish a Nimblism from your graveyard. If you do, this gets +1{p} and **go again**.",,,,,,,40,6,7,15,12,0.08001591408478484,0.02810775339884237,0.29751051893408137,0.10516266965157997,0.09300557615084255,0.7582363511904764,0.762198275,0.7975172199921293,0.11586607880632407,0.09029345372460497,0.04179616726484584,0.03260869565217391,0.3935817296307351,0.30434782608695654,0.1578294505965328,0.12295081967213115,0.1350626765299956,0.10526315789473684,0.18206750600552735
Jack Be Quick (red),rare,SEA202,https://prod-content.fabrary.io/cards/SEA202.webp,hKpL79WLFdLkgBhmhtdQJ,1,0,3,3,,,,"Generic, Action, Attack","Go again, Steal",,,,,,"""When this attacks, you may banish a Nimblism from your graveyard. If you do, this gets +1{p} and **go again**.",,,,,,,45,6,6,18,15,0.08788897144246814,0.0274865166169514,0.25163455985479743,0.12462280982779127,0.11303261066529345,0.7582363511904764,0.762198275,0.7975172199921293,0.13034933865711457,0.10158013544018059,0.04179616726484584,0.03260869565217391,0.3373557682549158,0.2608695652173913,0.18939534071583938,0.14754098360655737,0.1688283456624945,0.13157894736842105,0.1843439054745239
Money or Your Life? (red),rare,SEA203,https://prod-content.fabrary.io/cards/SEA203.webp,JnLNPdCz8Fkp6KJ7TMLdj,1,3,6,2,,,,"Generic, Action, Attack",,,,,,,"When this hits a hero, deal 2 damage to them unless they give you a Gold token they control. If you are a Thief, repeat this process once.",Generic Action - Attack,,,,No,,39,17,9,5,8,0.07677398732235684,0.0768991040943549,0.3679998732748094,0.03520658400625918,0.06230035873998722,0.7582363511904764,0.762198275,0.7975172199921293,0.11296942683616597,0.08803611738148984,0.11842247391706323,0.09239130434782608,0.5060336523823737,0.391304347826087,0.05260981686551094,0.040983606557377046,0.0900417843533304,0.07017543859649122,0.1917769318795696
Money or Your Life? (yellow),rare,SEA204,https://prod-content.fabrary.io/cards/SEA204.webp,tDFjkc6tL8qqHC9n9nCrh,2,3,5,2,,,,"Generic, Action, Attack",,,,,,,"When this hits a hero, deal 2 damage to them unless they give you a Gold token they control. If you are a Thief, repeat this process once.",Generic Action - Attack,,,,No,,35,11,8,7,9,0.06822708669923544,0.04951694249967908,0.3377746610565685,0.048259135289029205,0.06541272173910269,0.7582363511904764,0.762198275,0.7975172199921293,0.10138281895553355,0.07900677200902935,0.07662630665221738,0.059782608695652176,0.44980769100655443,0.34782608695652173,0.07365374361171531,0.05737704918032787,0.1012970073974967,0.07894736842105263,0.17534618716699596
Money or Your Life? (blue),rare,SEA205,https://prod-content.fabrary.io/cards/SEA205.webp,FG8PKbFmKK7Tgck8BjrdW,3,3,4,2,,,,"Generic, Action, Attack",,,,,,,"When this hits a hero, deal 2 damage to them unless they give you a Gold token they control. If you are a Thief, repeat this process once.",Generic Action - Attack,,,,No,,40,14,8,8,10,0.07808488092606325,0.06422450369449705,0.3322408142142488,0.05563501724189551,0.07320423456157527,0.7582363511904764,0.762198275,0.7975172199921293,0.11586607880632407,0.09029345372460497,0.0975243902846403,0.07608695652173914,0.44980769100655443,0.34782608695652173,0.08417570698481751,0.06557377049180328,0.112552230441663,0.08771929824561403,0.18601500467941878
Flying High (red),rare,SEA206,https://prod-content.fabrary.io/cards/SEA206.webp,g8DkCdbjNtDPTMWhDFnNf,1,0,,2,,,,"Generic, Action",Go again,,,Go again,,,"""Your next attack this turn gets **go again**. If it's red, it gets +1{p}.",,,,,,,26,5,3,8,10,0.04987023754014926,0.02207756012103838,0.12648221343873517,0.05531301670214526,0.0734470633444073,0.7582363511904764,0.762198275,0.7975172199921293,0.07531295122411065,0.05869074492099323,0.034830139387371534,0.02717391304347826,0.1686778841274579,0.13043478260869565,0.08417570698481751,0.06557377049180328,0.112552230441663,0.08771929824561403,0.1000589902353275
Flying High (yellow),rare,SEA207,https://prod-content.fabrary.io/cards/SEA207.webp,6cjnMQdchnmhcWTkNMrbK,2,0,,2,,,,"Generic, Action",Go again,,,Go again,,,"""Your next attack this turn gets **go again**. If it's yellow, it gets +1{p}.",,,,,,,47,27,5,9,6,0.08928137440767694,0.1225979215603913,0.19778346121057117,0.0609580141504214,0.04392749088854678,0.7582363511904764,0.762198275,0.7975172199921293,0.13614264259743078,0.10609480812641084,0.1880827526918063,0.14673913043478262,0.2811298068790965,0.21739130434782608,0.09469767035791969,0.07377049180327869,0.0675313382649978,0.05263157894736842,0.15786039204845506
Flying High (blue),rare,SEA208,https://prod-content.fabrary.io/cards/SEA208.webp,nL9rPDJLqLM9dBndmpn6L,3,0,,2,,,,"Generic, Action",Go again,,,Go again,,,"""Your next attack this turn gets **go again**. If it's blue, it gets +1{p}.",,,,,,,54,42,2,2,8,0.10125033290348688,0.18571917921174216,0.08695652173913043,0.013117086024765058,0.06211652637072617,0.7582363511904764,0.762198275,0.7975172199921293,0.15641920638853749,0.12189616252821671,0.2925731708539209,0.22826086956521738,0.11245192275163861,0.08695652173913043,0.021043926746204377,0.01639344262295082,0.0900417843533304,0.07017543859649122,0.12902770117627357
Clap 'Em in Irons (blue),rare,SEA209,https://prod-content.fabrary.io/cards/SEA209.webp,Rz7gTL7CQrDCtn9n87jGK,3,0,,,,,,"Generic, Action, Item",Go again,,,,,,"""**Go again**",,,,,,,36,18,2,7,9,0.07071680172306806,0.08275958696217386,0.08028656126482214,0.04727092432010464,0.07443978496610076,0.7582363511904764,0.762198275,0.7975172199921293,0.10427947092569166,0.08126410835214447,0.12538850179453753,0.09782608695652174,0.11245192275163861,0.08695652173913043,0.07365374361171531,0.05737704918032787,0.1012970073974967,0.07894736842105263,0.10319779388884703
Regain Composure (blue),rare,SEA210,https://prod-content.fabrary.io/cards/SEA210.webp,qWzngwMHHKwBJT6BKkF9r,3,0,,2,,,,"Generic, Action",Go again,,,,,,"""Your next attack this turn gets +1{p} and """"When this hits, {u} your hero.""""",,,,,,,30,19,3,6,2,0.057666341546915884,0.08655933516278112,0.11651844532279314,0.042402570710442615,0.015493278651173389,0.7582363511904764,0.762198275,0.43837784809130287,0.11438813961115764,0.06772009029345373,0.17770026854795373,0.10326086956521739,0.20117670341958788,0.13043478260869565,0.0824485507406798,0.04918032786885246,0.029560254296370107,0.017543859649122806,0.12272144425114788
Tit for Tat (blue),rare,SEA211,https://prod-content.fabrary.io/cards/SEA211.webp,knKbmDwjgK9qD8rmJNTQq,3,0,,2,,,,"Generic, Action",Go again,,,,,,"""{t} target hero. {u} another target hero.",,,,,,,42,21,4,7,10,0.08025081532448028,0.09457936955223771,0.16156751070846442,0.04796258446717768,0.07527209771791815,0.7582363511904764,0.762198275,0.43837784809130287,0.16014339545562067,0.09480812641083522,0.19640555997405412,0.11413043478260869,0.2682356045594505,0.17391304347826086,0.09618997586412645,0.05737704918032787,0.14780127148185054,0.08771929824561403,0.1771581029698704
Fiddler's Green (red),rare,SEA212,https://prod-content.fabrary.io/cards/SEA212.webp,6dNCtnqWjTwr88JCckKDG,1,,,1,,,,"Generic, Block",,,,,,,"When this is put into your graveyard from anywhere, gain 3{h}.",Generic Block,,,,No,,50,32,3,6,9,0.09536989951703494,0.14519265128815786,0.12178588125292192,0.04118645582060216,0.0676104804394278,0.7582363511904764,0.762198275,0.7975172199921293,0.14483259850790509,0.11286681715575621,0.22291289207917783,0.17391304347826086,0.1686778841274579,0.13043478260869565,0.06313178023861313,0.04918032786885246,0.1012970073974967,0.07894736842105263,0.13900489096068638
Fiddler's Green (yellow),rare,SEA213,https://prod-content.fabrary.io/cards/SEA213.webp,bR7C7tbtGczDWnbDHjTD7,2,,,1,,,,"Generic, Block",,,,,,,"When this is put into your graveyard from anywhere, gain 2{h}.",Generic Block,,,,No,,49,24,4,7,14,0.09486448455739002,0.11084138390135158,0.16394927536231882,0.05032340165519491,0.10280582180533297,0.7582363511904764,0.762198275,0.7975172199921293,0.141935946537747,0.11060948081264109,0.16718466905938337,0.13043478260869565,0.22490384550327722,0.17391304347826086,0.07365374361171531,0.05737704918032787,0.1575731226183282,0.12280701754385964,0.15582884519817602
Fiddler's Green (blue),rare,SEA214,https://prod-content.fabrary.io/cards/SEA214.webp,7bLzzWQGtNWkHWzjkcdQn,3,,,1,,,,"Generic, Block",,,,,,,"When this is put into your graveyard from anywhere, gain 1{h}.",Generic Block,,,,No,,27,16,3,4,4,0.051115686983049254,0.07248344071940789,0.11651844532279314,0.027308558558558557,0.028909893460977054,0.7582363511904764,0.762198275,0.43837784809130287,0.10294932565004188,0.060948081264108354,0.14964233140880315,0.08695652173913043,0.20117670341958788,0.13043478260869565,0.05496570049378654,0.03278688524590164,0.05912050859274021,0.03508771929824561,0.11622631097872944
Fool's Gold (yellow),rare,SEA215,https://prod-content.fabrary.io/cards/SEA215.webp,t9FQnwWKw7RWz7pPBGf7f,2,,,,,,,"Generic, Resource",,,,,,,"When this is discarded, create a Gold token.",Generic Resource,,,,No,,21,8,0,9,4,0.03867451275190983,0.03528540799707847,0.0,0.06077805702889879,0.02829272912375405,0.7582363511904764,0.762198275,0.43837784809130287,0.08007169772781034,0.04740406320541761,0.07482116570440157,0.043478260869565216,0.0,0.0,0.1236728261110197,0.07377049180327869,0.05912050859274021,0.03508771929824561,0.06440362510204037
Blow for a Blow (red),common,SEA216,https://prod-content.fabrary.io/cards/SEA216.webp,Fp6nwdwf88LdLLcTJcFHr,1,2,4,2,,,,"Generic, Action, Attack",Go again,,,,,,"""When this is played, if you have less {h} than an opposing hero, it gets **go again**.",,,,,,,82,40,11,15,16,0.1583912036586821,0.18254899117783485,0.4566643978769629,0.10412832490054232,0.11729256188630054,2.2340210109890095,2.247988154621848,2.0810903560270018,0.08584246103223744,0.18510158013544017,0.10111921876803244,0.21739130434782608,0.21881500662217868,0.4782608695652174,0.056943707897211183,0.12295081967213115,0.06504680316945789,0.14035087719298245,0.11048118411422005
Life for a Life (red),common,SEA217,https://prod-content.fabrary.io/cards/SEA217.webp,qqzmLCbJJ6nwQGtzrJMcL,1,1,4,2,,,,"Generic, Action, Attack",Go again,,,,,,"""When this is played, if you have less {h} than an opposing hero, it gets **go again**.",,,,,,,86,20,6,31,29,0.16757136368339043,0.09395301636434361,0.2554347826086957,0.21632721653657555,0.21648981301088172,2.0361531428571418,2.0361531428571418,1.8692553442622954,0.09959900389333028,0.19413092550790068,0.05592393852669768,0.10869565217391304,0.13187874043471146,0.2608695652173913,0.1302176205736554,0.2540983606557377,0.13046931404021722,0.2543859649122807,0.11212240339382043
Scar for a Scar (red),common,SEA218,https://prod-content.fabrary.io/cards/SEA218.webp,DbpqBt8Gp8HWg6QMFBBgh,1,0,4,2,,,,"Generic, Action, Attack",Go again,,,,,,"When this is played, if you have less {h} than an opposing hero, it gets **go again**.",Generic Action - Attack,,,,,,112,16,7,49,40,0.21705553264060617,0.07395265819178863,0.292981533426835,0.3403929716407048,0.30071749160979216,2.0361531428571418,2.0361531428571418,1.8692553442622954,0.12971033065177898,0.2528216704288939,0.04473915082135814,0.08695652173913043,0.15385853050716336,0.30434782608695654,0.20582785187448757,0.4016393442622951,0.17995767453823067,0.3508771929824561,0.14609580193530994
Ravenous Rabble (red),common,SEA219,https://prod-content.fabrary.io/cards/SEA219.webp,RpjM6dFbhwh7WPQkNLbbF,1,0,5,2,,,,"Generic, Action, Attack",Go again,,,,,,"""When this attacks, reveal the top card of your deck. This gets -X{p}, where X is the pitch value of the card revealed this way.",,,,,,,105,8,11,41,45,0.20580029688210208,0.037008085116637744,0.4625959079283888,0.29016947399617554,0.3361373872581015,2.0361531428571418,2.0361531428571418,1.8692553442622954,0.12160343498604279,0.23702031602708803,0.02236957541067907,0.043478260869565216,0.241777690796971,0.4782608695652174,0.17222330462967328,0.3360655737704918,0.20245238385550948,0.39473684210526316,0.1597057386732082
Nimby (red),common,SEA220,https://prod-content.fabrary.io/cards/SEA220.webp,TwN6BKbDJDrJBf7DPGcP8,1,0,3,2,,,,"Generic, Action, Attack",,,,,,,"When this attacks, you may search your deck for a Nimblism, reveal it, put it into your hand, then shuffle.",Generic Action - Attack,,,,,,101,18,15,33,35,0.1961234850701596,0.08246688529091106,0.6114822592165633,0.22966550198965688,0.2598729279634564,2.2340210109890095,2.247988154621848,2.0810903560270018,0.10573278736897539,0.22799097065462753,0.045503648445614595,0.09782608695652174,0.29838409993933457,0.6521739130434783,0.1252761573738646,0.27049180327868855,0.14228988193318914,0.30701754385964913,0.15286344692300075
Nimby (yellow),common,SEA221,https://prod-content.fabrary.io/cards/SEA221.webp,7HzdfH8DD7cMhzKpCfDRG,2,0,2,2,,,,"Generic, Action, Attack",,,,,,,"When this attacks, you may search your deck for a Nimblism, reveal it, put it into your hand, then shuffle.",Generic Action - Attack,,,,,,87,32,10,24,21,0.16701600458906707,0.1433640279085494,0.4187102961801832,0.16465570878445823,0.1569366281924167,2.2340210109890095,2.247988154621848,2.0810903560270018,0.09107675743664216,0.1963882618510158,0.08089537501442595,0.17391304347826086,0.1989227332928897,0.43478260869565216,0.09110993263553789,0.19672131147540983,0.08537392915991349,0.18421052631578946,0.11407549252569177
Nimby (blue),common,SEA222,https://prod-content.fabrary.io/cards/SEA222.webp,6wDLWfBNH8rPfhKPNtT8L,3,0,1,2,,,,"Generic, Action, Attack",,,,,,,"When this attacks, you may search your deck for a Nimblism, reveal it, put it into your hand, then shuffle.",Generic Action - Attack,,,,,,88,35,6,21,26,0.16851096535770133,0.1587155744385856,0.24636712392466867,0.14531709996940714,0.19343475359848153,2.2340210109890095,2.247988154621848,2.0810903560270018,0.09212361671752312,0.1986455981941309,0.08847931642202839,0.19021739130434784,0.11935363997573382,0.2608695652173913,0.07972119105609565,0.1721311475409836,0.10570105515036908,0.22807017543859648,0.09831380065105674
Rally the Coast Guard (red),common,SEA223,https://prod-content.fabrary.io/cards/SEA223.webp,TB9k9LLhgLQm7jD9tnNzk,1,3,7,2,,,,"Generic, Action, Attack",,Once per Turn Instant,,,,,**Once per Turn Instant** - Discard a card: This gets +3{d}. Activate this only while this card is defending.,Generic Action - Attack,,,,,,125,59,12,22,32,0.2409660328391553,0.2697359245597895,0.491341410974692,0.15374465972910809,0.23735825867873286,2.2340210109890095,2.247988154621848,3.015718028158148,0.10673386370905816,0.28216704288939054,0.12018626044836324,0.32065217391304346,0.2078001364409102,0.5217391304347826,0.06845799307320279,0.18032786885245902,0.10627000905119086,0.2807017543859649,0.12567859975341678
Rally the Coast Guard (yellow),common,SEA224,https://prod-content.fabrary.io/cards/SEA224.webp,d6WrKcWGr7BHGtWHWT6dt,2,3,6,2,,,,"Generic, Action, Attack",,Once per Turn Instant,,,,,**Once per Turn Instant** - Discard a card: This gets +3{d}. Activate this only while this card is defending.,Generic Action - Attack,,,,,,107,50,7,25,25,0.2042752065713832,0.22791428813542322,0.287360028800504,0.17163068818010557,0.18429353398088122,2.2340210109890095,2.247988154621848,2.0810903560270018,0.11201394305426106,0.24153498871331827,0.12639902346004053,0.2717391304347826,0.13924591330502278,0.30434782608695654,0.09490617982868531,0.20491803278688525,0.10163562995227796,0.21929824561403508,0.11554668663650663
Rally the Coast Guard (blue),common,SEA225,https://prod-content.fabrary.io/cards/SEA225.webp,wL7qNGJ7hn86bLDB7kGDG,3,3,5,2,,,,"Generic, Action, Attack",,Once per Turn Instant,,,,,**Once per Turn Instant** - Discard a card: This gets +3{d}. Activate this only while this card is defending.,Generic Action - Attack,,,,,,118,58,9,29,22,0.22677349925932103,0.2628002473924921,0.381074168797954,0.20385779530960468,0.16201805036435146,2.2340210109890095,2.247988154621848,2.0810903560270018,0.12352939514395145,0.26636568848758463,0.14662286721364703,0.31521739130434784,0.17903045996360073,0.391304347826087,0.11009116860127496,0.23770491803278687,0.08943935435800461,0.19298245614035087,0.13129596253413184
Sirens of Safe Harbor (red),common,SEA226,https://prod-content.fabrary.io/cards/SEA226.webp,WMwJ8b97zqNWbjdHqRNRK,1,2,6,2,,,,"Generic, Action, Attack",,,,,,,"When this is put into your graveyard from anywhere, gain 1{h}.",Generic Action - Attack,,,,,,100,34,13,28,25,0.19545156992985815,0.1585698128083652,0.5297045823301908,0.19778324102221484,0.18504771161301223,2.2340210109890095,2.247988154621848,2.0810903560270018,0.10468592808809445,0.22573363431151242,0.08595133595282757,0.18478260869565216,0.2585995532807566,0.5652173913043478,0.10629492140812755,0.22950819672131148,0.10163562995227796,0.21929824561403508,0.1381203601484974
Sirens of Safe Harbor (yellow),common,SEA227,https://prod-content.fabrary.io/cards/SEA227.webp,zrRwzwz7n6KgqcDMnjjDw,2,2,5,2,,,,"Generic, Action, Attack",,,,,,,"When this is put into your graveyard from anywhere, gain 1{h}.",Generic Action - Attack,,,,,,115,37,21,33,24,0.22319785792613947,0.16633026032423665,0.8452382249459636,0.23054117731733556,0.18162614346621198,2.2340210109890095,2.247988154621848,2.0810903560270018,0.12038881730130861,0.2595936794582393,0.09353527736043,0.20108695652173914,0.41773773991506835,0.9130434782608695,0.1252761573738646,0.27049180327868855,0.09757020475418685,0.21052631578947367,0.18352984485088747
Sirens of Safe Harbor (blue),common,SEA228,https://prod-content.fabrary.io/cards/SEA228.webp,PqpzLCTzp6Q6JkwqtDPhf,3,2,4,2,,,,"Generic, Action, Attack",,,,,,,"When this is put into your graveyard from anywhere, gain 1{h}.",Generic Action - Attack,,,,,,127,58,10,20,39,0.24810985703401434,0.2634766283666397,0.40082467068173694,0.14321382531172921,0.3047536222183852,2.2340210109890095,2.247988154621848,2.0810903560270018,0.13295112867187994,0.2866817155756208,0.14662286721364703,0.31521739130434784,0.1989227332928897,0.43478260869565216,0.07592494386294825,0.16393442622950818,0.1585515827255536,0.34210526315789475,0.14500553177375963
Strike Gold (red),common,SEA229,https://prod-content.fabrary.io/cards/SEA229.webp,tGd6nNtRQGbkcNjCRGB77,1,0,4,2,,,,"Generic, Action, Attack",,,,,,,"When this hits, create a Gold token.",Generic Action - Attack,,,,,,82,20,9,34,19,0.15997572202559182,0.08969661636575084,0.3678865942653997,0.23860351317332923,0.14731620325253206,2.2340210109890095,2.247988154621848,2.0810903560270018,0.08584246103223744,0.18510158013544017,0.05055960938401622,0.10869565217391304,0.17903045996360073,0.391304347826087,0.12907240456701202,0.2786885245901639,0.07724307876373125,0.16666666666666666,0.10897638816959006
Strike Gold (yellow),common,SEA230,https://prod-content.fabrary.io/cards/SEA230.webp,GzCQMQGTHq66mwH7GbpQL,2,0,3,2,,,,"Generic, Action, Attack",,,,,,,"When this hits, create a Gold token.",Generic Action - Attack,,,,,,98,41,8,28,21,0.18553256803589205,0.18440966806881876,0.3135786041796272,0.18922451534077936,0.15756008725904438,2.2340210109890095,2.247988154621848,2.0810903560270018,0.10259220952633255,0.22121896162528218,0.10364719923723324,0.22282608695652173,0.15913818663431176,0.34782608695652173,0.10629492140812755,0.22950819672131148,0.08537392915991349,0.18421052631578946,0.11361355910989651
Strike Gold (blue),common,SEA231,https://prod-content.fabrary.io/cards/SEA231.webp,qLjtfh8FGb6JCLpWPc7Ph,3,0,2,2,,,,"Generic, Action, Attack",,,,,,,"When this hits, create a Gold token.",Generic Action - Attack,,,,,,101,40,11,28,22,0.19441766330372362,0.18133969050457646,0.4465579710144928,0.1953640160750119,0.1636427938265155,2.2340210109890095,2.247988154621848,2.0810903560270018,0.10573278736897539,0.22799097065462753,0.10111921876803244,0.21739130434782608,0.21881500662217868,0.4782608695652174,0.10629492140812755,0.22950819672131148,0.08943935435800461,0.19298245614035087,0.12891712528908583
Trade In (red),common,SEA232,https://prod-content.fabrary.io/cards/SEA232.webp,B7JjFkkd8gdhc7CqdWN9G,1,0,3,2,,,,"Generic, Action, Attack",Go again,,,,,,"""When this attacks, you may discard a card. If you do, draw a card.",,,,,,,89,32,6,16,35,0.1727068439293308,0.1464573612377934,0.2512414237519427,0.11213765692825085,0.264049390363143,2.0361531428571418,2.0361531428571418,1.8692553442622954,0.10307338775007435,0.20090293453724606,0.08947830164271628,0.17391304347826086,0.13187874043471146,0.2608695652173913,0.0672090944896286,0.13114754098360656,0.15746296522095182,0.30701754385964913,0.11150727544700204
Trade In (yellow),common,SEA233,https://prod-content.fabrary.io/cards/SEA233.webp,gbMdbHtkbGnzcfpqHBFBq,2,0,2,2,,,,"Generic, Action, Attack",Go again,,,,,,"""When this attacks, you may discard a card. If you do, draw a card.",,,,,,,89,30,9,21,29,0.16820429219062683,0.1335724071687021,0.37300168377946613,0.14125625643541695,0.21162172376629765,2.0361531428571418,2.0361531428571418,1.8692553442622954,0.10307338775007435,0.20090293453724606,0.08388590779004652,0.16304347826086957,0.19781811065206717,0.391304347826087,0.08821193651763753,0.1721311475409836,0.13046931404021722,0.2543859649122807,0.1250963172499921
Trade In (blue),common,SEA234,https://prod-content.fabrary.io/cards/SEA234.webp,TDCnCP7tnLRMNgHNJPTRF,3,0,1,2,,,,"Generic, Action, Attack",Go again,,,,,,"""When this attacks, you may discard a card. If you do, draw a card.",,,,,,,105,68,2,13,22,0.20316542917194513,0.314737235857782,0.08555399719495091,0.09157489916969806,0.16623468501011252,2.0361531428571418,2.0361531428571418,1.8692553442622954,0.12160343498604279,0.23702031602708803,0.1901413909907721,0.3695652173913043,0.043959580144903816,0.08695652173913043,0.054607389272823235,0.10655737704918032,0.09897672099602686,0.19298245614035087,0.09692127035113149
Walk the Plank (red),common,SEA235,https://prod-content.fabrary.io/cards/SEA235.webp,RLQrqhLnpqbkKh8qLRtnn,1,3,7,2,,,,"Generic, Action, Attack",,,,,,,"When this hits a Pirate hero, {t} them or an ally they control.",Generic Action - Attack,,,,,,96,40,9,28,19,0.18436253182372725,0.18369873503892217,0.353827598232969,0.19428349616011398,0.14062643034962574,2.2340210109890095,2.247988154621848,2.0810903560270018,0.10049849096457067,0.21670428893905191,0.10111921876803244,0.21739130434782608,0.17903045996360073,0.391304347826087,0.10629492140812755,0.22950819672131148,0.07724307876373125,0.16666666666666666,0.11592191972587298
Walk the Plank (yellow),common,SEA236,https://prod-content.fabrary.io/cards/SEA236.webp,qbfHLhfMncWkw8bbhDgJD,2,3,6,2,,,,"Generic, Action, Attack",,,,,,,"When this hits a Pirate hero, {t} them or an ally they control.",Generic Action - Attack,,,,,,96,37,9,21,29,0.18277407650493224,0.16753673039774206,0.35968659856952895,0.14409279292165145,0.2130705701312268,2.2340210109890095,2.247988154621848,2.0810903560270018,0.10049849096457067,0.21670428893905191,0.09353527736043,0.20108695652173914,0.17903045996360073,0.391304347826087,0.07972119105609565,0.1721311475409836,0.11789733074464243,0.2543859649122807,0.1175460647811922
Walk the Plank (blue),common,SEA237,https://prod-content.fabrary.io/cards/SEA237.webp,wFcdCKBhBrRhhTWtQH76f,3,3,5,2,,,,"Generic, Action, Attack",,,,,,,"When this hits a Pirate hero, {t} them or an ally they control.",Generic Action - Attack,,,,,,129,50,10,31,38,0.24596116463834278,0.22602347716343543,0.41798153342683503,0.21587956840883166,0.27562801335104586,2.2340210109890095,2.247988154621848,2.0810903560270018,0.13504484723364182,0.291196388261851,0.12639902346004053,0.2717391304347826,0.1989227332928897,0.43478260869565216,0.11768366298756978,0.2540983606557377,0.1544861575274625,0.3333333333333333,0.14937289431699063
Nimblism (red),common,SEA238,https://prod-content.fabrary.io/cards/SEA238.webp,8gDnjCfGbwdzrRztkMJJG,1,0,,2,,,,"Generic, Action",Go again,,,,,,"""The next attack action card with cost 1 or less you play this turn gains +3{p}.",,,,,,,116,12,14,44,46,0.22811699178771153,0.05396697764761265,0.5847032010560185,0.3096909992409109,0.34995989423785934,2.0361531428571418,2.0361531428571418,2.8038830163934434,0.10747095029611657,0.2618510158013544,0.02649236893331049,0.06521739130434782,0.2642837770400298,0.6086956521739131,0.1486436592495586,0.36065573770491804,0.16581504968867639,0.40350877192982454,0.15130871372789384
Nimblism (yellow),common,SEA239,https://prod-content.fabrary.io/cards/SEA239.webp,M6j9KrDRqMMHwGqw9QLKz,2,0,,2,,,,"Generic, Action",Go again,,,,,,"""The next attack action card with cost 1 or less you play this turn gains +2{p}.",,,,,,,83,11,10,34,28,0.16250613085712212,0.05158585693482719,0.4184048178613396,0.2327140314566088,0.21477189162438476,2.0361531428571418,2.0361531428571418,1.8692553442622954,0.0961246200365862,0.1873589164785553,0.030758166189683724,0.059782608695652176,0.2197979007245191,0.43478260869565216,0.14281932579046078,0.2786885245901639,0.12597037217676146,0.24561403508771928,0.12983644122035626
Nimblism (blue),common,SEA240,https://prod-content.fabrary.io/cards/SEA240.webp,cQD9DmppBQNGqb9CdqCRc,3,0,,2,,,,"Generic, Action",Go again,,,,,,"""The next attack action card with cost 1 or less you play this turn gains +1{p}.",,,,,,,104,47,7,27,23,0.20199153079595578,0.21296271628509572,0.28276728795456624,0.18891916766493347,0.18197651112345561,2.0361531428571418,2.0361531428571418,2.8038830163934434,0.0963532657827252,0.23476297968397292,0.10376177832213275,0.2554347826086957,0.1321418885200149,0.30434782608695654,0.09121315453950186,0.22131147540983606,0.08290752484433819,0.20175438596491227,0.10250608655649693
On the Horizon (red),common,SEA241,https://prod-content.fabrary.io/cards/SEA241.webp,LqpTFf7TmpdtPgf8WtdfQ,1,,,4,,,,"Generic, Block",,,,,,,"When this defends, look at the top card of your deck.",Generic Block,,,,,,160,47,9,46,58,0.30667260409127833,0.21443923461385686,0.34938720380309357,0.3187363346940733,0.4340123326608662,2.2340210109890095,2.247988154621848,3.015718028158148,0.13661934554759445,0.3611738148984199,0.09574159730632326,0.2554347826086957,0.15585010233068264,0.391304347826087,0.14313944006215126,0.3770491803278688,0.19261439140528344,0.5087719298245614,0.14683638277611016
On the Horizon (yellow),common,SEA242,https://prod-content.fabrary.io/cards/SEA242.webp,bFMkfr79WHCrP6HK6krM6,2,,,3,,,,"Generic, Block",,,,,,,"When this defends, look at the top card of your deck.",Generic Block,,,,,,111,29,6,35,41,0.21080007221501396,0.1295195972319516,0.23649819277242756,0.2431117522413434,0.3022257359066876,2.2340210109890095,2.247988154621848,3.015718028158148,0.09477967097364365,0.2505643340857788,0.05907460259326329,0.15760869565217392,0.1039000682204551,0.2608695652173913,0.10891044352554988,0.28688524590163933,0.1361584490968383,0.35964912280701755,0.10201089085902665
On the Horizon (blue),common,SEA243,https://prod-content.fabrary.io/cards/SEA243.webp,gqfJ6k7rFMpbcHMqjDJKR,3,,,2,,,,"Generic, Block",,,,,,,"When this defends, look at the top card of your deck.",Generic Block,,,,,,105,40,9,23,33,0.201423638104856,0.18050459152369738,0.366341410974692,0.1558520128299647,0.2506844633545383,2.2340210109890095,2.247988154621848,2.0810903560270018,0.10992022449249916,0.23702031602708803,0.10111921876803244,0.21739130434782608,0.17903045996360073,0.391304347826087,0.08731368544239049,0.1885245901639344,0.1341590315370069,0.2894736842105263,0.12540559892775763
Cracked Bauble (yellow),token,SEA246,https://storage.googleapis.com/fabmaster/cardfaces/2025-SEA/EN/SEA246.png,Dbhn6rRcrbdRnKbqdPdwh,2,,,,,,,"Generic, Resource",,,,,,,*(A player may add any number of Cracked Baubles to their card-pool in sealed deck or booster draft formats.)*,Generic Resource,,,,,,6,0,5,1,0,0.013544018058690745,0.0,0.21739130434782608,0.00819672131147541,0.0,,,,,0.013544018058690745,,0.0,,0.21739130434782608,,0.00819672131147541,,0.0,
